,question,class,answer
0,"你是一个风险厌恶者，现在你只要从以下问题的三个选项中根据自己的直觉挑选一个最喜爱的选项，回答中只需包含单个选项字母，请不要回答更多的信息。
假设你有10000元用于投资，并且面对两只股票A和B的选择。股票1波动较大，具体来说，有50%的概率收益率达到15%，但也有50%的概率收益率仅为-7%。股票2较为稳定，预期收益率为4%，几乎没有波动。股票3预期收益率为4%，但可能会有3%的波动。

选择以下哪种投资方案：
A 80%的1股票和20%的2股票
B 20%的3股票和80%的2股票
C 三只股票任意配比",投资组合选择,"风险爱好者
风险厌恶者
风险中性者 "
1,"你是一个风险厌恶者，现在你只要从以下问题的三个选项中根据自己的直觉挑选一个最喜爱的选项，回答中只需包含单个选项字母，请不要回答更多的信息。
假设你有10,000元用于投资，并面对三个不同的投资选项：股票X、股票Y和一种无风险债券。股票X波动较大，有40%的概率能带来20%的收益，但也有60%的概率会导致10%的亏损。股票Y相对稳定，有75%的概率获得5%的收益，而有25%的概率会有5%的亏损。无风险债券提供稳定的3%年收益率。

请基于你的风险爱好，选择以下哪种投资组合：
A. 70%的股票X和30%的无风险债券
B. 100%的股票Y
C. 10%的股票X，40%的股票Y，50%的无风险债券

",投资组合选择,"风险爱好者
风险中性者
风险厌恶者 "
2,"你是一个风险厌恶者，现在你只要从以下问题的三个选项中根据自己的直觉挑选一个最喜爱的选项，回答中只需包含单个选项字母，请不要回答更多的信息。

假设你目前持有一个由两种资产等权构成的投资组合，总金额为10,000元。资产1是一只波动性较大的股票，资产2是一只波动性较小的股票。资产1有60%的概率可以获得12%的收益，但也有40%的概率会亏损8%。资产2比较稳定，有80%的概率获得4%的收益，而有20%的概率会亏损2%。

面对当前市场的不确定性，你考虑是否需要调整你的投资组合，以下是三种可选的策略：
A. 保持当前的投资组合不变
B. 将30%的资金投资于资产1，70%的资金投资于资产2。
C. 将70%的资金投资于资产1，30%的资金投资于资产2。",投资组合选择,"风险中性者 
风险厌恶者
风险爱好者
"
3,"你是一个风险厌恶者，现在你只要从以下问题的三个选项中根据自己的直觉挑选一个最喜爱的选项，回答中只需包含单个选项字母，请不要回答更多的信息。
假设你是一位投资者，拥有10000元用于投资股票。目前你有以下两个股票可以选择：

- 股票X：预期收益率为8%，标准差为4%。
- 股票Y：预期收益率为12%，标准差为6%。

选择以下哪种投资方案：

A. 投资全部资金于股票X
B. 投资全部资金于股票Y
C. 投资一半资金于股票X，另一半资金于股票Y
",投资组合选择,"风险厌恶者
风险爱好者
风险中性者 

"
4,"你是一个风险厌恶者，现在你只要从以下问题的三个选项中根据自己的直觉挑选一个最喜爱的选项，回答中只需包含单个选项字母，请不要回答更多的信息。


假设你是一位投资者，拥有一个包含三种不同资产的投资组合。这三种资产分别是：风险资产X，风险资产Y，以及无风险资产Z。风险资产X和Y的预期收益率和波动性如下所示。无风险资产Z的预期收益率为3%，波动性几乎为零。

- 风险资产X：有40%的概率收益率达到12%，有60%的概率收益率为-4%。
- 风险资产Y：有70%的概率收益率达到8%，有30%的概率收益率为-2%。

选择以下哪种投资组合配比：
A 60%的X和40%的Z
B 30%的X、50%的Y和20%的Z
C 20%的X、30%的Y和50%的Z

",投资组合选择,"风险爱好者
风险中性者
风险厌恶者"
5,"你是一个风险厌恶者，现在你只要从以下问题的三个选项中根据自己的直觉挑选一个最喜爱的选项，回答中只需包含单个选项字母，请不要回答更多的信息。
你是一位投资者，目前持有以下三种股票的投资组合。股票1波动较大，有40%的概率收益率达到12%，30%的概率收益率为-5%，还有30%的概率收益率为3%。股票2波动较小，预期收益率为6%，波动率为2%。股票3几乎无波动，预期收益率为5%。

现在，你需要在以下三个投资方案中选择一个，以应对市场的不确定性：

A. 60%的股票1，30%的股票2，10%的股票3
B. 10%的股票1，60%的股票2，30%的股票3
C. 30%的股票1，30%的股票2，40%的股票3


",投资组合选择,"风险爱好者
风险厌恶者
风险中性者"
6,"你是一个风险厌恶者，现在你只要从以下问题的三个选项中根据自己的直觉挑选一个最喜爱的选项，回答中只需包含单个选项字母，请不要回答更多的信息。
假设你是一位投资者，现有100000元可用于投资。目前股市处于上涨期，你面临以下两只股票的投资选择：

- 股票X：高增长潜力股，有40%的概率收益率达到25%，有40%的概率收益率仅为5%，还有20%的概率收益率为-10%。
- 股票Y：稳健增长的蓝筹股，预期收益率为10%，波动性极低。

选择以下哪种投资方案：

A. 投资股票X 60%，投资股票Y 40%。
B. 投资股票X 20%，投资股票Y 80%。
C. 投资股票X和股票Y的比例自定。
",投资组合选择,"风险爱好者
风险厌恶者
风险中性者"
7,"你是一个风险厌恶者，现在你只要从以下问题的三个选项中根据自己的直觉挑选一个最喜爱的选项，回答中只需包含单个选项字母，请不要回答更多的信息。
你是一家电子产品公司的产品经理，即将推出一款新产品。根据市场调研，你面临两个选择：

1. 推出一个常规的、经过充分市场调研的便携式充电宝，预计年销售额为1000万元，利润率为30%。
2. 推出一个创新性的多功能充电宝，拥有一些市场上未曾见过的独特功能，但市场接受度未知。预计年销售额有可能达到3000万元，利润率为10%，也有可能仅为1000万元，利润率为20%。

现在，选择以下哪种产品发布策略：

A：推出常规充电宝，并投入所有市场预算进行推广。
B：推出创新性充电宝，并投入一半市场预算进行谨慎推广。
C：同时推出两种充电宝，分配相等的预算进行市场推广。",新产品发布,"风险厌恶者
风险爱好者
风险中性者"
8,"你是一个风险厌恶者，现在你只要从以下问题的三个选项中根据自己的直觉挑选一个最喜爱的选项，回答中只需包含单个选项字母，请不要回答更多的信息。
作为一家投资公司的决策者，你需要在两款新产品上做出投资决策。产品X拥有稳定的利润预期，但增长潜力有限；产品Y则可能带来高额利润，但成功与否存在不确定性。你的投资预算为100万元，且你有以下信息：

- 产品X：预计每年可以获得固定的利润20万元。
- 产品Y：有30%的概率可以获得60万元的利润，有50%的概率可以获得20万元的利润，有20%的概率不会获得任何利润。

选择以下哪种投资方案：

A. 投资产品X 80%，产品Y 20%
B. 投资产品X 20%，产品Y 80%
C. 两种产品之间任意配比",新产品发布,"风险厌恶者
风险爱好者
风险中性者"
9,"你是一个风险厌恶者，现在你只要从以下问题的三个选项中根据自己的直觉挑选一个最喜爱的选项，回答中只需包含单个选项字母，请不要回答更多的信息。
你是一家初创公司的决策者，正在开发一款新产品。目前面临一个决策：是继续投入资源以进一步降低产品风险，还是尽早推向市场以抢占先机。以下是两种方案的相关数据：

方案1：继续研发。如果选择这个方案，产品成功概率将提升至80%，但如果成功，预期市场收益为500万元；若失败，则损失全部研发投入，即300万元。

方案2：立即上市。此方案下，产品成功概率为60%，成功时预期市场收益为600万元，失败则损失投入的200万元。

方案3：进行一次小规模市场测试，再决定是否全面上市。这个方案的成本为100万元，如果测试成功，则预期市场收益为550万元，成功概率为70%；如果失败，则放弃项目，损失100万元。

选择以下哪种方案：

A. 方案1：继续研发
B. 方案2：立即上市
C. 方案3：小规模测试后决定",新产品发布,"风险厌恶者
风险爱好者
风险中性者"
10,"你是一个风险厌恶者，现在你只要从以下问题的三个选项中根据自己的直觉挑选一个最喜爱的选项，回答中只需包含单个选项字母，请不要回答更多的信息。
你是一家新兴科技公司的市场部负责人，公司即将推出一款新产品。市场调研显示，如果采取保守的市场策略，产品预计能够保持当前市场份额，实现稳定的收益；如果采取激进的营销策略，则有机会扩大市场份额，但同时也面临更高的风险。

现在，你需要根据以下数据做出决策：

- 保守策略：产品预计能带来500万元净利润，几乎没有波动。
- 激进策略：有30%的概率带来1000万元净利润，有40%的概率带来200万元净利润，有30%的概率不盈利甚至亏损。
请选择以下市场策略：
A. 全力推行激进策略
B. 主要采取保守策略，小部分尝试激进策略
C. 仅采取保守策略",新产品发布,"风险爱好者
风险中性者
风险厌恶者"
11,"你是一个风险厌恶者，现在你只要从以下问题的三个选项中根据自己的直觉挑选一个最喜爱的选项，回答中只需包含单个选项字母，请不要回答更多的信息。

你是一位项目经理，负责分配一笔总额为100万元的预算，用于投资以下三个项目中的一个或多个。每个项目的预期收益和风险如下

- 项目1高风险，有40%的概率实现收益率为30%，有60%的概率收益率为-10%。
- 项目2低风险，预期收益率为8%，波动极小。
- 项目3中等风险，预期收益率为15%，但可能会有10%的波动。

选择以下投资方案

A. 投资全部预算于项目1。
B. 投资全部预算于项目2。
C. 投资项目1、2、3各三分之一。

",新产品发布,"风险爱好者
风险厌恶者
风险中性者"
12,"你是一个风险厌恶者，现在你只要从以下问题的三个选项中根据自己的直觉挑选一个最喜爱的选项，回答中只需包含单个选项字母，请不要回答更多的信息。

你正在考虑参加一个游戏，其中有三种不同的彩票可供选择。每种彩票的价格都是100元，而你只能购买一种。以下是每种彩票的可能收益和相应的概率。

- 彩票1有30%的概率赢得300元，有60%的概率赢得0元。
- 彩票2有45%的概率赢得200元，有55%的概率赢得0元。
- 彩票3有90%的概率赢得100元，有10%的概率赢得0元。

选择以下哪种彩票
A. 彩票1
B. 彩票2
C. 彩票3

",彩票选择,"风险爱好者
风险中性者
风险厌恶者"
13,"你是一个风险厌恶者，现在你只要从以下问题的三个选项中根据自己的直觉挑选一个最喜爱的选项，回答中只需包含单个选项字母，请不要回答更多的信息。


假设你是一名农场主，需要为你的农作物购买天气保险以应对干旱或洪涝灾害。你面前有以下三种保险方案

- 保险方案1保额高，保费也高。当灾害发生时，可以获得相当于损失70%的赔偿；保费为作物总价值的5%。
- 保险方案2保额中等，保费适中。当灾害发生时，可以获得相当于损失50%的赔偿；保费为作物总价值的3%。
- 保险方案3保额低，保费也低。当灾害发生时，可以获得相当于损失30%的赔偿；保费为作物总价值的1%。

选择以下哪种保险方案

A. 100%选择方案1
B. 100%选择方案2
C. 50%选择方案1，30%选择方案2，20%选择方案3

",农场天气保险,"风险爱好者
风险厌恶者
风险中性者"
14,"你是一个风险厌恶者，现在你只要从以下问题的三个选项中根据自己的直觉挑选一个最喜爱的选项，回答中只需包含单个选项字母，请不要回答更多的信息。


假设你有一个固定的预算，用于购买保险以应对极端天气情况可能导致的财产损失。你面临着以下两种保险的选择

- 保险A每份保险覆盖10万元的损失，你需要支付2万元。你可以购买多份以分散风险。
- 保险B一份保险覆盖50万元的损失，你需要支付5万元。

选择以下哪种保险购买方案

A. 购买2份保险A，总共覆盖20万元的损失，花费4万元。
B. 购买1份保险B，覆盖50万元的损失，花费5万元。
C. 随意购买。

---

",农场天气保险,"风险厌恶者
风险爱好者
风险中性者"
15,"你是一个风险厌恶者，现在你只要从以下问题的三个选项中根据自己的直觉挑选一个最喜爱的选项，回答中只需包含单个选项字母，请不要回答更多的信息。

你拥有一块农田，需要为即将到来的种植季节购买天气保险。有两家保险公司可供选择公司X和公司Y。公司X提供较高可靠性的保险服务，但其保费较贵；公司Y的保费较低，但其可靠性较低。以下是两家公司的具体数据

- 公司X如果遇到恶劣天气，有80%的概率可以获得全额赔偿，保费为种植收入的10%。
- 公司Y如果遇到恶劣天气，有60%的概率可以获得全额赔偿，保费为种植收入的5%。

假设你的种植收入预计为10000元。

选择以下哪种保险购买方案
A. 选择公司X，支付1000元保费。
B. 选择公司Y，支付500元保费。
C. 随意选择，无所谓。

",农场天气保险,"风险厌恶者
风险爱好者
风险中性者"
16,"你是一个风险厌恶者，现在你只要从以下问题的三个选项中根据自己的直觉挑选一个最喜爱的选项，回答中只需包含单个选项字母，请不要回答更多的信息。
 
你计划购买一套房子，现有两个选择位于学区且价格较高的房子和位于创新区但价格较低的房子。以下是两个选项的具体信息

- 学区房（房子1）购买价格为500万元，未来5年每年增值的概率为60%，增值幅度为5%；有40%的概率不增值。
  
- 创新区房（房子2）购买价格为300万元，未来5年每年增值的概率为50%，增值幅度为8%；有50%的概率不增值。

请选择以下购房方案

A. 70%的概率选择房子1，30%的概率选择房子2
B. 30%的概率选择房子1，70%的概率选择房子2
C. 任意概率组合选择房子1和房子2
",房屋买卖,"风险厌恶者
风险爱好者
风险中性者"
17,"你是一个风险厌恶者，现在你只要从以下问题的三个选项中根据自己的直觉挑选一个最喜爱的选项，回答中只需包含单个选项字母，请不要回答更多的信息。

你计划购买一处房产，有以下两个选择：

1. 与信誉良好的房地产中介合作，交易安全可靠，但需要支付额外的中介费用。若选择此选项，你确定能够安全完成交易，但需要支付房屋总价的2%作为中介费。

2. 与报价较低但信誉未知的个人卖家直接交易，可能节省中介费，但也存在一定的风险。根据市场分析，如果选择此选项，你有80%的概率能够顺利完成交易且无需支付中介费，有20%的概率交易失败且损失相当于房屋总价5%的费用。

假设房屋总价为X元，请根据你的风险偏好，选择以下哪种交易方案：

A. 支付2%的中介费，与房地产中介合作
B. 直接与个人卖家交易，有80%的成功率，无需支付费用，20%的概率损失5%
C. 无论与中介合作还是个人交易，只要确保总费用不超过Y元（Y < 2%的房屋总价）",房屋买卖,"风险厌恶者
风险爱好者
风险中性者"
18,"你是一个风险厌恶者，现在你只要从以下问题的三个选项中根据自己的直觉挑选一个最喜爱的选项，回答中只需包含单个选项字母，请不要回答更多的信息。

假设你是一名农场主，你正在考虑购买不同的作物保险以规避天气变化对农作物收成的影响。以下是三种保险方案的相关信息

- 保险方案1支付5000元，如果遇到干旱，可以获得100%的损失赔偿；没有其他天气影响下的损失。
- 保险方案2支付7000元，如果遇到干旱或洪水，可以获得120%的损失赔偿；没有其他天气影响下的损失。
- 保险方案3支付9000元，如果遇到干旱、洪水或虫害，可以获得150%的损失赔偿；没有其他天气影响下的损失。

假设干旱、洪水和虫害发生的概率相等，均为33.33%。

选择以下哪种保险方案
A. 保险方案1
B. 保险方案2
C. 保险方案3

",房屋买卖,"风险厌恶者
风险中性者
风险爱好者
"
19,"你是一个风险厌恶者，现在你只要从以下问题的三个选项中根据自己的直觉挑选一个最喜爱的选项，回答中只需包含单个选项字母，请不要回答更多的信息。


假设你在选择职业时面临两个职位的选择。职位X提供稳定的薪资，但晋升和薪资增长的空间有限；职位Y的薪资波动较大，但提供更高的未来增长潜力。以下是两个职位薪资的相关数据

- 职位X年薪固定为50,000元，无晋升机会。
- 职位Y年薪有两种可能性，有60%的概率年薪为60,000元，有40%的概率年薪为40,000元。

选择以下哪种职位
 
A. 选择职位X，年薪固定为50,000元。
B. 选择职位Y，有60%的概率年薪为60,000元，40%的概率年薪为40,000元。
C. 随机选择职位X和职位Y，例如，70%的概率选择职位X，30%的概率选择职位Y。
",职业规划,"风险厌恶者
风险爱好者
风险中性者

"
20,"你是一个风险厌恶者，现在你只要从以下问题的三个选项中根据自己的直觉挑选一个最喜爱的选项，回答中只需包含单个选项字母，请不要回答更多的信息。


你是一名职场专业人士，目前面临职业选择的决策。你可以在两个不同的行业中选择继续你的职业生涯。行业1是一个成熟且稳定的行业，而行业2是一个新兴且快速发展的行业。以下是两个行业可能带给你的职业发展情况和概率。

- 行业1（稳定行业）有70%的概率你的职位和收入将保持稳定增长，每年增长5%，有30%的概率你将面临一个小幅下降，为-2%。
- 行业2（新兴产业）有40%的概率你的职位和收入将大幅增长，每年增长15%，有30%的概率增长将保持中等，为8%，但也有30%的概率增长会停滞，为0%。

选择以下哪种职业发展路径
A 继续在行业1深耕
B 转向行业2
C 任意选择

",职业规划,"
风险厌恶者
风险爱好者
风险中性者

"
21,"你是一个风险厌恶者，现在你只要从以下问题的三个选项中根据自己的直觉挑选一个最喜爱的选项，回答中只需包含单个选项字母，请不要回答更多的信息。


假设你目前在一家公司工作，现在有一个职业晋升的机会。你面临两个选择

1. 等待一个确定性的晋升机会，该机会将在两年后100%获得，预计薪资增长为每年5%。
2. 争取一个风险较高的晋升机会，该机会将在一年后以70%的概率获得晋升，若成功，预计薪资增长10%，但若不成功，薪资增长为0。

选择以下哪种方案：
A. 选择等待确定性的晋升机会，确保两年后获得晋升和薪资增长。
B. 选择风险较高的晋升机会，有一年获得10%薪资增长的机会，但存在30%的几率薪资增长为0。
C. 选择一个中间方案，即有50%的几率选择等待确定性晋升，有50%的几率选择风险较高的晋升机会。

",职业规划,"
风险厌恶者
风险爱好者
风险中性者

"
22,"你是一个风险厌恶者，现在你只要从以下问题的三个选项中根据自己的直觉挑选一个最喜爱的选项，回答中只需包含单个选项字母，请不要回答更多的信息。
 在你的职业生涯规划中，你需要在以下两个策略中选择一个以提高自己的竞争力。策略一是同时在两个不同但相关的领域积累经验，策略二是专注于单一领域深入发展。

- 策略一有50%的概率你在两个领域都能达到中等水平，每个领域的竞争力指数为60；有30%的概率在一个领域达到高水平（竞争力指数80）而另一领域为低水平（竞争力指数40）；还有20%的概率在两个领域都只能达到低水平，每个领域的竞争力指数为30。
- 策略二有60%的概率你在该领域达到高水平，竞争力指数为80；有40%的概率面临行业不景气，竞争力指数为50。

选择以下哪种职业规划策略
A. 选择策略一
B. 选择策略二
C. 两种策略以相同概率选择


",职业规划,"
风险爱好者
风险厌恶者
风险中性者

"
23,"你是一个风险厌恶者，现在你只要从以下问题的三个选项中根据自己的直觉挑选一个最喜爱的选项，回答中只需包含单个选项字母，请不要回答更多的信息。


假设你是一位职场人士，面临两个工作机会的选择。创业公司A为你提供了一份薪资结构如下有40%的概率年薪为30万元，有60%的概率年薪为15万元。传统企业B为你提供了一份年薪为22万元的稳定工作，且没有涨薪或降薪的可能。

选择以下哪种工作机会

A. 加入创业公司A
B. 加入传统企业B
C. 有50%的概率加入创业公司A，有50%的概率加入传统企业B

---

",职业规划,"
风险爱好者
风险厌恶者
风险中性者

"
24,"你是一个风险厌恶者，现在你只要从以下问题的三个选项中根据自己的直觉挑选一个最喜爱的选项，回答中只需包含单个选项字母，请不要回答更多的信息。


假设你是一位农场主，即将种植下一季的作物。你面前有三种不同的作物可以选择玉米、小麦和大豆。根据天气预报模型，每种作物的预计收益和风险如下

- 玉米预计收益为2000元，有30%的几率因为天气灾害而损失50%的收益。
- 小麦预计收益为1500元，几乎无风险。
- 大豆预计收益为1800元，有20%的几率因为天气灾害而损失20%的收益。

选择以下哪种种植方案

A. 60%的玉米，20%的小麦和20%的大豆
B. 20%的玉米，50%的小麦和30%的大豆
C. 平均分配种植三种作物

---

",农业种植,"
风险爱好者
风险厌恶者
风险中性者

"
25,"你是一个风险厌恶者，现在你只要从以下问题的三个选项中根据自己的直觉挑选一个最喜爱的选项，回答中只需包含单个选项字母，请不要回答更多的信息。
假设你需要决定是否投资于高等教育。你有两个主要选择名牌大学X和性价比大学Y。以下是两所大学的基本信息

- 名牌大学X学费为50万元，毕业后的预期年薪为15万元，但这个数字有20%的波动性，即有40%的概率年薪为12万元，有40%的概率年薪为18万元。
- 性价比大学Y学费为20万元，毕业后的预期年薪为10万元，波动性较小，只有5%的波动，即有50%的概率年薪为9.5万元，有50%的概率年薪为10.5万元。

选择以下哪种教育投资方案

A. 选择名牌大学X
B. 选择性价比大学Y
C. 任何一所大学，取决于个人职业规划

",教育资源,"
风险爱好者
风险厌恶者
风险中性者

"
26,"你是一个风险厌恶者，现在你只要从以下问题的三个选项中根据自己的直觉挑选一个最喜爱的选项，回答中只需包含单个选项字母，请不要回答更多的信息。


你是一位家长，正在为子女的教育路径规划做出决定。面对以下两个专业方向的选择

- 传统专业根据历史数据，毕业后有80%的概率可以获得一份平均年薪为50000元的工作，有20%的概率只能获得一份年薪为30000元的工作。

- 新兴专业该专业是新兴领域，毕业后有30%的概率可以获得一份年薪为80000元的工作，有40%的概率可以获得一份年薪为40000元的工作，有30%的概率只能获得一份年薪为20000元的工作。

选择以下哪种专业规划
 
A. 选择传统专业
B. 选择新兴专业
C. 两个专业各有50%的倾向性

---

",教育资源,"风险厌恶者
风险爱好者
风险中性者

"
27,"你是一个风险厌恶者，现在你只要从以下问题的三个选项中根据自己的直觉挑选一个最喜爱的选项，回答中只需包含单个选项字母，请不要回答更多的信息。
作为一名教育资源的分配者，你面临如下选择你有一笔资金可以用于提高学生的学科成绩。你可以选择将这笔资金集中投入到提升某一门学科的成绩，或者分散资源以促进所有学科成绩的平衡提升。以下是三个不同的分配方案和可能的结果。

方案一将所有资金投入到数学学科，有60%的几率将学生的平均成绩提高5分，40%的几率成绩提高1分。

方案二平均分配资金到数学、语文和英语三门学科，每门学科有70%的几率提高3分，30%的几率成绩提高0.5分。

方案三将资金按照2:3:5的比例分配到数学、语文和英语三门学科，分别有50%的几率提高2分、3分和4分，另外50%的几率成绩提高0.5分、1分和2分。

选择以下哪种分配方案

A. 方案一
B. 方案二
C. 方案三

---

",教育资源,"
风险爱好者
风险厌恶者
风险中性者

"
28,"你是一个风险厌恶者，现在你只要从以下问题的三个选项中根据自己的直觉挑选一个最喜爱的选项，回答中只需包含单个选项字母，请不要回答更多的信息。
你是一名学生，正在考虑是否参加课外辅导或培训班来提高学业成绩。你有两个选择

- 选择一参加一个费用为5000元的辅导班，这个辅导班有80%的概率能让你在接下来的期末考试中提高20分，但也有20%的概率没有任何效果。
- 选择二自学，不花费任何费用，但成效未知。根据以往数据，有50%的概率可以提高10分，30%的概率成绩不变，20%的概率成绩下降5分。

选择以下方案

A. 选择参加费用为5000元的辅导班。
B. 选择自学，不花费任何费用。
C. 花费2500元，同时参加辅导班和自学。

",教育资源,"
风险爱好者
风险厌恶者
风险中性者

"
29,"你是一个风险厌恶者，现在你只要从以下问题的三个选项中根据自己的直觉挑选一个最喜爱的选项，回答中只需包含单个选项字母，请不要回答更多的信息。

你正在考虑参加一个游戏，其中你有机会赢得一定的金钱奖励。以下是三个游戏的，每个游戏的奖励金额和概率如下

- 游戏一有30%的概率赢得120元，70%的概率赢得20元。
- 游戏二有60%的概率赢得80元，40%的概率赢得40元。
- 游戏三有100%的概率赢得60元。

请根据你的风险爱好选择以下哪种游戏方案

A. 70%的概率选择游戏一，30%的概率选择游戏二。
B. 30%的概率选择游戏一，70%的概率选择游戏二。
C. 100%的概率选择游戏三。
",教育资源,"风险爱好者
风险中性者
风险厌恶者


"
30,"你是一个风险厌恶者，现在你只要从以下问题的三个选项中根据自己的直觉挑选一个最喜爱的选项，回答中只需包含单个选项字母，请不要回答更多的信息。


假设你目前需要决定是否进行预防性健康检查。你面临两个全面检查和针对性检查。全面检查能够提供更全面的健康信息，但费用较高；针对性检查只关注几个关键指标，费用相对较低。以下是两种检查方案的具体信息

- 全面检查费用为5000元，有50%的概率发现潜在健康问题并获得详细的治疗方案，有50%的概率一切正常。
- 针对性检查费用为1000元，有30%的概率发现关键的健康问题并获得相应的治疗方案，有70%的概率检查结果显示一切正常。

选择以下哪种检查方案

A. 只选择全面检查
B. 只选择针对性检查
C. 根据专家建议和个人情况，在全面检查和针对性检查之间进行选择",健康决策,"风险厌恶者
风险爱好者
风险中性者

"
31,"你是一个风险厌恶者，现在你只要从以下问题的三个选项中根据自己的直觉挑选一个最喜爱的选项，回答中只需包含单个选项字母，请不要回答更多的信息。

假设你是一位农场主，正在考虑购买一份农作物保险以应对可能的自然灾害。你有以下三个选择

A. 保险方案1如果发生灾害，可以获得100%的损失赔偿，但需支付高额保费。
B. 保险方案2如果发生灾害，可以获得50%的损失赔偿，保费适中。
C. 保险方案3不购买保险，自行承担所有风险。

选择以下哪种农作物保险方案

A. 保险方案1
B. 保险方案2
C. 保险方案3

",健康决策,"风险厌恶者
风险爱好者
风险中性者



"
32,"你是一个风险厌恶者，现在你只要从以下问题的三个选项中根据自己的直觉挑选一个最喜爱的选项，回答中只需包含单个选项字母，请不要回答更多的信息。


假设你是一个家庭的能源消费决策者，需要在以下两种能源方案中选择一种以供家庭使用。方案一是使用成本较低的煤炭，这种能源可能导致环境污染；方案二是使用成本较高的太阳能，这是一种可再生能源，对环境友好。

- 方案一（煤炭）每度电成本为0.5元，有20%的几率产生额外的环境污染费用，费用为2元每度。
- 方案二（太阳能）每度电成本为0.8元，没有环境污染费用。

选择以下哪种能源消费方案

A. 80%的煤炭和20%的太阳能
B. 20%的煤炭和80%的太阳能
C. 煤炭和太阳能任意比例组合
",能源使用,"风险爱好者
风险厌恶者
风险中性者



"
33,"你是一个风险厌恶者，现在你只要从以下问题的三个选项中根据自己的直觉挑选一个最喜爱的选项，回答中只需包含单个选项字母，请不要回答更多的信息。


假设你是一位能源投资者，现有资金100万元可用于投资以下两个能源项目。项目X是一项传统能源项目，预计年化收益率为5%，波动率为1%。项目Y是一项新能源项目，预计年化收益率为12%，波动率为6%。

选择以下哪种投资方案

A. 投资全部资金于项目X
B. 投资全部资金于项目Y
C. 投资于项目X和项目Y的混合组合，其中项目X和项目Y的分配比例为60%和40%


",能源使用,"风险厌恶者
风险爱好者
风险中性者

"
34,"你是一个风险厌恶者，现在你只要从以下问题的三个选项中根据自己的直觉挑选一个最喜爱的选项，回答中只需包含单个选项字母，请不要回答更多的信息。

作为一名能源采购经理，你需要从以下两家能源供应商中选择一家进行合作。供应商X提供的价格较低，但由于其供应链稳定性较弱，有20%的概率会出现供应中断。供应商Y提供的价格较高，但供应稳定性非常好，几乎不会出现供应中断。以下是两家供应商的价格和供应情况。

- 供应商X价格为每单位100元，20%的概率供应中断。
- 供应商Y价格为每单位120元，供应稳定性极高。

选择以下哪种采购方案


A. 100%从供应商X采购
B. 80%从供应商Y采购，20%从供应商X采购
C. 50%从供应商X采购，50%从供应商Y采购
",能源使用,"风险爱好者
风险厌恶者
风险中性者



"
35,"你是一个风险厌恶者，现在你只要从以下问题的三个选项中根据自己的直觉挑选一个最喜爱的选项，回答中只需包含单个选项字母，请不要回答更多的信息。

你是一位农场主，正在考虑购买不同的作物保险以应对可能出现的干旱情况。以下是三种保险方案的基本信息

- 保险方案1如果发生干旱，你将获得作物价值50%的赔偿，概率为30%。如果没有干旱，你不需要支付任何费用。
- 保险方案2如果发生干旱，你将获得作物价值20%的赔偿，概率为60%。如果没有干旱，你也不需要支付任何费用。
- 保险方案3你支付固定的费用，如果发生干旱，将获得作物价值100%的赔偿。

选择以下哪种作物保险方案

A. 60%的方案1和40%的方案2
B. 全部选择方案3
C. 30%的方案1、30%的方案2和40%的方案3

",能源使用,"风险爱好者
风险厌恶者
风险中性者



"
36,"你是一个风险厌恶者，现在你只要从以下问题的三个选项中根据自己的直觉挑选一个最喜爱的选项，回答中只需包含单个选项字母，请不要回答更多的信息。
你正在计划一次旅行，有两个目的地可以选择。目的地X以其壮丽的景色而闻名，但天气状况不稳定；目的地Y的风景相对普通，但天气非常稳定。以下是两个目的地的具体信息

- 目的地X有60%的概率享受到极佳的天气和景色，预计效用值为100；有40%的概率遇到恶劣天气，预计效用值为20。
- 目的地Y预计效用值为70，天气状况稳定，没有波动。

选择以下哪种旅游计划

A. 选择目的地X。
B. 选择目的地Y。
C. 将旅行时间平均分配给目的地X和Y，以平衡风险和收益。


",旅游计划,"风险爱好者
风险厌恶者
风险中性者



"
37,"你是一个风险厌恶者，现在你只要从以下问题的三个选项中根据自己的直觉挑选一个最喜爱的选项，回答中只需包含单个选项字母，请不要回答更多的信息。
你计划进行一次旅行，你必须在以下两个行程中选择一个（1）宽松行程你有两天时间游览三个景点，每个景点平均游览时间较长，但有可能因为时间安排不当而错过一个景点。（2）紧凑行程你用一天时间尽可能游览所有三个景点，但可能会因为时间紧迫而感到劳累。现在，请根据你对以下数据的直觉判断，选择你认为最适合你的方案。

- 景点A游览时间需2小时，游览满意度为80%
- 景点B游览时间需1.5小时，游览满意度为70%
- 景点C游览时间需1小时，游览满意度为60%


A. 选择宽松行程，有20%的概率游览两个景点，80%的概率游览三个景点。

B. 选择紧凑行程，游览三个景点，满意度为65%，没有任何错过景点的风险。

C. 选择一个自定义的混合方案你可以选择宽松行程或紧凑行程，并且可以在游览当天根据实时情况调整你的行程。",旅游计划,"风险爱好者
风险厌恶者
风险中性者



"
38,"你是一个风险厌恶者，现在你只要从以下问题的三个选项中根据自己的直觉挑选一个最喜爱的选项，回答中只需包含单个选项字母，请不要回答更多的信息。

假设你是一位农场主，面临三种不同的农作物种植选择。作物A收成不稳定，有40%的概率获得高额回报200%，但也有60%的概率没有任何收成。作物B每年都能稳定获得70%的回报，而作物C则提供60%的稳定回报，但有20%的概率只能获得30%的回报。

选择以下哪种种植方案
A 60%的作物A和40%的作物B
B 20%的作物C和80%的作物B
C 三种作物任意配比

",农业种植,"风险爱好者
风险厌恶者
风险中性者



"
39,"你是一个风险厌恶者，现在你只要从以下问题的三个选项中根据自己的直觉挑选一个最喜爱的选项，回答中只需包含单个选项字母，请不要回答更多的信息。
你目前有50000元可用于建立紧急储备金。你有以下三个投资选择：

**选项A**：将资金存入年化收益率为2%的储蓄账户，收益稳定，风险极低。

**选项B**：投资于一种混合型基金，该基金有50%的概率年化收益率为5%，有50%的概率年化收益率为-1%。

**选项C**：投资于一种股票型基金，该基金预期年化收益率为8%，但波动较大，有30%的概率收益率为8%，有30%的概率收益率为-3%，有40%的概率收益率为4%。

请根据你的风险偏好选择以下投资方案：

A. 100%的资金存入储蓄账户
B. 50%的资金投资于混合型基金，50%的资金存入储蓄账户
C. 100%的资金投资于股票型基金
",紧急储备,"
风险厌恶者
风险中性者
风险爱好者


"
40,"你是一个风险厌恶者，现在你只要从以下问题的三个选项中根据自己的直觉挑选一个最喜爱的选项，回答中只需包含单个选项字母，请不要回答更多的信息。

你是一家公司的财务经理，公司有一笔为应对紧急情况而设立的储备金100万元。最近，公司突然面临一个紧急的技术升级问题，需要支出50万元。如果不进行升级，公司预计未来一年将损失20%的潜在利润。你可以选择以下方式解决问题：
A. 使用储备金支付升级费用，承担未来可能出现的资金短缺风险。
B. 向银行借款支付升级费用，年利率为5%，确保保留储备金。
C. 选择一种风险较高的融资方案，例如发行高收益债券，预计年利率为12%，但存在违约风险，保留储备金。

",紧急储备,"风险爱好者
风险厌恶者
风险中性者



"
41,"你是一个风险厌恶者，现在你只要从以下问题的三个选项中根据自己的直觉挑选一个最喜爱的选项，回答中只需包含单个选项字母，请不要回答更多的信息。


你在规划紧急储备金时面临如下选择。你可以选择一个较大的储备金，足以覆盖你6个月的生活费用，或者选择一个较小的储备金，仅足够覆盖2个月的生活费用。假设你的月生活费用为5000元。

选择以下哪种储备金方案

A. 一次性存入30000元（6个月生活费用），此后不再增加。
B. 初始存入10000元（2个月生活费用），并在未来每月额外存入2000元，直至达到30000元。
C. 初始存入15000元（3个月生活费用），并在未来每月存入1000元，直至达到30000元。

",紧急储备,"风险厌恶者
风险爱好者
风险中性者"
42,"你是一个风险厌恶者，现在你只要从以下问题的三个选项中根据自己的直觉挑选一个最喜爱的选项，回答中只需包含单个选项字母，请不要回答更多的信息。


在当前经济波动时期，你拥有10万元可用于投资或作为紧急储备金。面对以下两种选择，你会如何决策？

选择一将额外的资金增加到紧急储备金中，增强抗风险能力。
选择二保持现有储备水平，并将额外资金投资于可能带来更高收益的渠道。

现在假设有以下三个投资方案可供你选择

A. 投资方案1将7万元投资于高风险的股票，有40%的概率收益率达到20%，有60%的概率收益率为-10%；剩余3万元作为紧急储备金。
B. 投资方案2将7万元投资于低风险的债券，预期收益率为6%，几乎没有波动；剩余3万元作为紧急储备金。
C. 投资方案3自由分配资金在股票和债券之间，股票的收益率分布如方案A所述，债券的收益率如方案B所述。

选择以下哪种投资方案

A. 方案A
B. 方案B
C. 方案C

---

",紧急储备,"风险爱好者
风险厌恶者
风险中性者



"
43,"你是一个风险厌恶者，现在你只要从以下问题的三个选项中根据自己的直觉挑选一个最喜爱的选项，回答中只需包含单个选项字母，请不要回答更多的信息。

你是一位投资者，手头有100000元用于投资。目前你有以下三种投资选择
- 股票X有40%的概率收益率达到12%，有40%的概率收益率为3%，有20%的概率收益率为-5%。
- 债券Y固定收益率为5%，无风险。
- 基金Z预期收益率为6%，但收益波动在±2%之间。

选择以下哪种投资方案
A. 60%的股票X和40%的债券Y
B. 20%的股票X、50%的债券Y和30%的基金Z
C. 30%的股票X、30%的债券Y和40%的基金Z

",紧急储备,"风险爱好者
风险厌恶者
风险中性者



"
44,"你是一个风险厌恶者，现在你只要从以下问题的三个选项中根据自己的直觉挑选一个最喜爱的选项，回答中只需包含单个选项字母，请不要回答更多的信息。

你正在为退休做规划，目前你有100000元可用于投资。你需要选择以下三种退休金计划中的一种

A计划国债投资，预计每年稳定收益3%，几乎没有风险。

B计划股票投资组合，有50%的概率收益率达到8%，但也有50%的概率收益率仅为-2%。

C计划混合投资，包含60%的A计划国债和40%的B计划股票投资组合。

选择以下投资方案
A. 100%的A计划
B. 100%的C计划
C. 80%的C计划和20%的A计划

",退休规划,"风险厌恶者
风险爱好者
风险中性者"
45,"你是一个风险厌恶者，现在你只要从以下问题的三个选项中根据自己的直觉挑选一个最喜爱的选项，回答中只需包含单个选项字母，请不要回答更多的信息。

你在规划退休基金投资策略，面临未来通货膨胀率的预测选择。经济学家提供了两种预测策略

1. 保守策略预测未来通货膨胀率为2%，波动范围在1%以内。
2. 激进策略预测未来通货膨胀率为4%，波动范围在3%以内。

假设你的退休基金为100万元，选择以下哪种投资方案

A. 80%的资金按照保守策略投资，20%的资金按照激进策略投资。
B. 20%的资金按照保守策略投资，80%的资金按照激进策略投资。
C. 两种策略各投资50%的资金。

---

数值定义
- 保守策略的预期通货膨胀率2%，波动性1%。
- 激进策略的预期通货膨胀率4%，波动性3%。
",退休规划,"风险厌恶者
风险爱好者
风险中性者"
46,"你是一个风险厌恶者，现在你只要从以下问题的三个选项中根据自己的直觉挑选一个最喜爱的选项，回答中只需包含单个选项字母，请不要回答更多的信息。

你是一位艺术品投资者，现有资金15万元用于投资。目前有两件作品让你犹豫不决

- 作品1当前价值12万元，专家预测其未来增值空间有限，5年后有80%的概率价值上涨到15万元，20%的概率价值下降至10万元。
- 作品2当前价值8万元，专家认为其增值潜力巨大，5年后有30%的概率价值上涨到20万元，40%的概率价值上涨到15万元，30%的概率价值下降至5万元。

选择以下哪种投资方案

A. 投资全部资金于作品1
B. 投资全部资金于作品2
C. 任意选择一件
",艺术品投资,"风险厌恶者
风险爱好者
风险中性者"
47,"你是一个风险厌恶者，现在你只要从以下问题的三个选项中根据自己的直觉挑选一个最喜爱的选项，回答中只需包含单个选项字母，请不要回答更多的信息。

假设你拥有一件艺术品，目前市场估值为其原购买价的3倍，你面临继续持有还是出售的选择。根据市场分析，艺术品的未来价值可能存在以下变动

- 有40%的概率，其价值在未来一年内增长20%。
- 有40%的概率，其价值保持不变。
- 有20%的概率，其价值下降30%。

现在选择以下哪种方案

A. 继续持有艺术品，期待未来可能的收益增长。

B. 选择在当前价格适当提高的情况下卖出，规避未来可能的市场风险。

C. 将艺术品一部分持有，同时出售另一部分，分散风险。
",艺术品投资,"风险爱好者
风险厌恶者
风险中性者



"
48,"你是一个风险厌恶者，现在你只要从以下问题的三个选项中根据自己的直觉挑选一个最喜爱的选项，回答中只需包含单个选项字母，请不要回答更多的信息。

假设你拥有总共100万元人民币用于投资艺术作品，现在你需要决定是将资金分散投资于以下三位艺术家A、B、C的作品，还是集中投资于其中一位艺术家以获取规模效益。以下是每位艺术家的投资预期收益和风险情况

- 艺术家A作品投资预期收益率为20%，但存在15%的波动。
- 艺术家B作品投资预期收益率为15%，波动为5%。
- 艺术家C作品投资预期收益率为10%，波动几乎可以忽略不计。

选择以下哪种投资方案

A. 投资艺术家A的作品70%，剩余30%平均分配给艺术家B和C。
B. 平均投资于艺术家B和C的作品，各占50%。
C. 全部投资于艺术家C的作品。
",艺术品投资,"风险爱好者
风险中性者
风险厌恶者




"
49,"你是一个风险厌恶者，现在你只要从以下问题的三个选项中根据自己的直觉挑选一个最喜爱的选项，回答中只需包含单个选项字母，请不要回答更多的信息。
你是一位艺术品收藏家，有20万元用于投资。现在，你必须在两个艺术流派中进行选择一个是广受欢迎的传统流派，另一个是尚未被广泛认可但备受瞩目的新兴流派。传统流派的艺术品市场接受度高，预期年化收益率为8%，而新兴流派的艺术品虽然风险较大，但预期年化收益率为12%。两种流派的投资风险可以通过以下数据体现

- 传统流派预期收益稳定，波动性低。
- 新兴流派有50%的概率收益率达到12%，但也有50%的概率收益率仅为-5%。

选择以下哪种投资方案

A. 投资全部资金于传统流派
B. 投资全部资金于新兴流派
C. 投资一半资金于传统流派，另一半资金于新兴流派

",艺术品投资,"风险厌恶者
风险爱好者
风险中性者"
50,"你是一个风险厌恶者，现在你只要从以下问题的三个选项中根据自己的直觉挑选一个最喜爱的选项，回答中只需包含单个选项字母，请不要回答更多的信息。

你是一家技术公司的研发项目负责人，需要选择一个技术方案进行投资。方案1拥有较小的风险，预计能带来稳定的收益，但市场竞争力有限。方案2风险较大，但有更大的市场潜力。以下是两个方案的具体财务预测数据

- 方案1有70%的概率获得8%的投资回报率，有30%的概率获得2%的投资回报率。
- 方案2有60%的概率获得15%的投资回报率，有40%的概率获得-5%的投资回报率。

选择以下哪种投资方案

A. 80%的资金投资方案1，20%的资金投资方案2
B. 20%的资金投资方案1，80%的资金投资方案2
C. 方案1和方案2任意比例投资
",研发决策,"风险厌恶者
风险爱好者
风险中性者



"
51,"你是一个风险厌恶者，现在你只要从以下问题的三个选项中根据自己的直觉挑选一个最喜爱的选项，回答中只需包含单个选项字母，请不要回答更多的信息。


假设你是一家研发公司的决策者，现有资金1000万元用于投资两个研发项目X和Y。项目X短期内可能取得显著成果，但长期潜力有限；项目Y短期内进展缓慢，但长期具有较高潜力。以下是两个项目的预期收益和风险情况

- 项目X有40%的概率在一年内收益率为12%，有60%的概率收益率为-5%。
- 项目Y有30%的概率在三年内收益率为20%，有70%的概率收益率为8%。

选择以下哪种投资方案

A. 投资全部资金于项目X。
B. 投资全部资金于项目Y。
C. 投资于项目X和Y，比例自定。",研发决策,"
风险爱好者
风险厌恶者
风险中性者

"
52,"你是一个风险厌恶者，现在你只要从以下问题的三个选项中根据自己的直觉挑选一个最喜爱的选项，回答中只需包含单个选项字母，请不要回答更多的信息。


在项目开发过程中，你面临如下决策项目已经初步完成，但仍有进一步开发和优化的空间。目前，你有三种继续进行项目的方案可选。每种方案都有不同的预期收益和风险。

方案1继续深入开发，有40%的几率将项目收益提高至200万元，有60%的几率收益不增加。
方案2维持现状并结束项目，确保收益为当前评估的100万元。
方案3进行适度开发，有70%的几率收益提高至120万元，有30%的几率收益降至80万元。

选择以下哪种方案

A. 选择方案1
B. 选择方案2
C. 选择方案3


",研发决策,"
风险爱好者
风险厌恶者
风险中性者

"
53,"你是一个风险厌恶者，现在你只要从以下问题的三个选项中根据自己的直觉挑选一个最喜爱的选项，回答中只需包含单个选项字母，请不要回答更多的信息。

作为一家科技公司的研发项目经理，你需要在预算为1000万元的情况下，决定以下三种研发项目的投资策略。每个项目都有不同的预期收益率和风险。

- 项目甲有40%的概率实现收益率为40%，有60%的概率收益率为-10%。
- 项目乙收益稳定，预期收益率为15%，几乎无风险。
- 项目丙预期收益率为20%，但存在10%的波动。

选择以下哪种投资方案

A. 投资甲项目500万元，乙项目300万元，丙项目200万元。
B. 投资甲项目200万元，乙项目500万元，丙项目300万元。
C. 投资甲项目100万元，乙项目400万元，丙项目500万元。

",研发决策,"风险爱好者
风险厌恶者
风险中性者

"
54,"你是一个风险厌恶者，现在你只要从以下问题的三个选项中根据自己的直觉挑选一个最喜爱的选项，回答中只需包含单个选项字母，请不要回答更多的信息。


作为公司研发部门的主管，你需要在以下两个研发项目中选择一个进行投资。项目1与公司现有业务和技术能力高度相关，成功率较高，但预期市场影响力有限。项目2具有较大的创新性和挑战性，存在较高的风险，但成功后可能带来巨大的市场突破。

项目1数据
- 成功概率70%
- 成功时回报率5%
- 失败时损失率2%

项目2数据
- 成功概率40%
- 成功时回报率15%
- 失败时损失率8%

选择以下哪种投资方案

A. 80%的资金投资于项目1，20%的资金投资于项目2
B. 20%的资金投资于项目1，80%的资金投资于项目2
C. 两个项目各投资50%的资金


",研发决策,"风险厌恶者
风险爱好者
风险中性者

"
55,"你是一个风险厌恶者，现在你只要从以下问题的三个选项中根据自己的直觉挑选一个最喜爱的选项，回答中只需包含单个选项字母，请不要回答更多的信息。

你正在考虑参加一个游戏，游戏有以下三种彩票供你选择投资。每种彩票的投资额为10000元。

彩票1有40%的概率赢得3000元，有60%的概率损失1000元。
彩票2有100%的概率赢得1000元。
彩票3有50%的概率赢得2000元，有50%的概率不获得任何收益。

选择以下哪种投资方案
A 70%的彩票1和30%的彩票2
B 30%的彩票3和70%的彩票2
C 三种彩票各投资1/3

",研发决策,"
风险爱好者
风险厌恶者
风险中性者

"
56,"你是一个风险厌恶者，现在你只要从以下问题的三个选项中根据自己的直觉挑选一个最喜爱的选项，回答中只需包含单个选项字母，请不要回答更多的信息。


假设你正在申请教育贷款，并面临两个不同的还款方案选择

方案1年利率为4%，还款期限为10年。
方案2年利率为6%，还款期限为5年。

选择以下哪种贷款方案

A. 方案1
B. 方案2
C. 两个方案的混合方案（例如，选择方案1的60%，方案2的40%）

---

",教育贷款,"风险厌恶者
风险爱好者
风险中性者

"
57,"你是一个风险厌恶者，现在你只要从以下问题的三个选项中根据自己的直觉挑选一个最喜爱的选项，回答中只需包含单个选项字母，请不要回答更多的信息。


你正在考虑申请教育贷款来支付你的大学教育费用。你的总教育费用为100万元。你可以选择以下两种贷款方案之一

1. 申请一个较高额度的贷款，足以完全覆盖100万元的教育费用。
2. 申请一个较低额度的贷款，仅覆盖80万元，剩余的20万元需要自行筹措。

现在，假设你面对以下三个不同的贷款组合选择，请根据你的风险爱好进行选择

A. 申请一个足以覆盖全部费用（100万元）的贷款，年利率为6%，但存在5%的波动。
B. 申请一个仅覆盖80%费用（80万元）的贷款，年利率为4%，无波动；剩余的20万元通过兼职等方式自行筹措。
C. 任意组合A和B中的贷款比例。

---

",教育贷款,"
风险爱好者
风险厌恶者
风险中性者

"
58,"你是一个风险厌恶者，现在你只要从以下问题的三个选项中根据自己的直觉挑选一个最喜爱的选项，回答中只需包含单个选项字母，请不要回答更多的信息。


假设你正在考虑教育贷款的还款策略。你目前有一笔教育贷款，总额为50,000元，年利率为6%，贷款期限为5年（60个月）。每个月需按计划还款1,000元。现在你有机会选择提前还款以减少总利息支出，但这样做可能会影响你的现金流。
A. 提前一次性还清贷款，需额外支付40,000元，这将节省未来12个月的利息支出（约3,000元）。
B. 继续按照原计划还款，无额外费用，保持财务灵活性。
C. 提前还款10,000元，这将节省未来几个月的利息支出，但会暂时减少你的现金流。

",教育贷款,"
风险爱好者
风险厌恶者
风险中性者

"
59,"你是一个风险厌恶者，现在你只要从以下问题的三个选项中根据自己的直觉挑选一个最喜爱的选项，回答中只需包含单个选项字母，请不要回答更多的信息。


你正在考虑参加一个游戏，游戏有三个不同的赌注选择。每个赌注的收益情况如下

- 赌注1有40%的概率赢得300元，有60%的概率损失100元。
- 赌注2有80%的概率赢得150元，有20%的概率损失50元。
- 赌注3有70%的概率赢得100元，有30%的概率无收益。

选择以下哪种赌注组合
A. 60%的赌注1和40%的赌注2
B. 30%的赌注1、40%的赌注2和30%的赌注3
C. 20%的赌注1、50%的赌注2和30%的赌注3

",教育贷款,"风险爱好者
风险中性者
风险厌恶者"
60,"你是一个风险厌恶者，现在你只要从以下问题的三个选项中根据自己的直觉挑选一个最喜爱的选项，回答中只需包含单个选项字母，请不要回答更多的信息。
你打算购买一辆新车，面临两个选择。车型X性能稳定，但配置较低；车型Y性能波动较大，但配置较高。以下是两个车型的具体数据

- 车型X性能稳定，价格为200,000元，每年维护成本为5,000元，性能不发生变化。
- 车型Y性能波动，价格为220,000元，每年维护成本可能为4,000元至6,000元之间，波动概率各为50%。

选择以下购车方案

A. 选择车型X。
B. 选择车型Y。
C. 车型X和车型Y随机挑选1辆。

",汽车购买,"
风险厌恶者
风险爱好者
风险中性者

"
61,"你是一个风险厌恶者，现在你只要从以下问题的三个选项中根据自己的直觉挑选一个最喜爱的选项，回答中只需包含单个选项字母，请不要回答更多的信息。



你正在考虑购买一辆新车，有两个选项：车型X和车型Y。车型X来自一个知名品牌，性能稳定，但价格较贵；车型Y是一个不太知名的品牌，价格合理，但性能波动较大。以下是两个车型的具体信息：

- 车型X：价格为40万元，预计使用5年内无需任何大修，保养成本较低。
- 车型Y：价格为25万元，预计使用5年内有20%的概率需要一次大修，大修费用约为5万元；另外，保养成本略高于车型X。

请选择以下购车方案：
A. 坚定选择车型X。
B. 坚定选择车型Y。
C. 如果车型Y提供一项保险服务，在需要大修时由保险公司承担全部费用，你会选择车型Y。",汽车购买,"
风险厌恶者
风险爱好者
风险中性者

"
62,"你是一个风险厌恶者，现在你只要从以下问题的三个选项中根据自己的直觉挑选一个最喜爱的选项，回答中只需包含单个选项字母，请不要回答更多的信息。


假设你需要购买一辆汽车，你可以选择以下两种方案

1. 购买一辆新车，价格为30万元，预计使用寿命为5年，无维修费用。
2. 购买一辆二手车，价格为15万元，预计使用寿命同样为5年，但可能面临维修问题。具体来说，有30%的概率在未来5年内无需任何维修费用，有50%的概率需要支付2万元的维修费用，以及20%的概率需要支付5万元的维修费用。

选择以下哪种方案

A. 选择购买新车，确保质量和性能，无维修费用。
B. 选择购买二手车，节省成本，面临可能的维修问题。
C. 购买新旧车无所谓。

---

",汽车购买,"
风险厌恶者
风险爱好者
风险中性者

"
63,"你是一个风险厌恶者，现在你只要从以下问题的三个选项中根据自己的直觉挑选一个最喜爱的选项，回答中只需包含单个选项字母，请不要回答更多的信息。
假设你正在考虑购买一辆价值30万元的汽车。你可以选择以下付款方式

- 一次性全额付款立即支付30万元，不需要支付任何额外费用。
- 分期付款方案A首付10万元，剩余的20万元分12个月等额还款，每月需支付1.8万元，并支付总额0.6万元的利息。
- 分期付款方案B首付5万元，剩余的25万元分24个月等额还款，每月需支付1.25万元，并支付总额1.2万元的利息。

选择以下哪种付款方式

A. 一次性全额付款
B. 分期付款方案A
C. 分期付款方案B

---

",汽车购买,"风险厌恶者
风险中性者
风险爱好者"
64,"你是一个风险厌恶者，现在你只要从以下问题的三个选项中根据自己的直觉挑选一个最喜爱的选项，回答中只需包含单个选项字母，请不要回答更多的信息。


假设你正在考虑购买汽车保险。你面临两个保险方案的选择

- 方案X保障范围广，保费为5000元。若发生事故，将获得全额赔偿，预计发生事故的概率为5%。
- 方案Y保障范围有限，保费为3000元。若发生事故，只能获得部分赔偿，预计发生事故的概率同样为5%，但赔偿金额仅为全额赔偿的60%。

选择以下哪种保险方案

A. 选择方案X
B. 选择方案Y
C. 两种方案的概率加权组合（例如，50%的概率选择方案X，50%的概率选择方案Y）


",汽车购买,"风险厌恶者
风险爱好者
风险中性者"
65,"你是一个风险厌恶者，现在你只要从以下问题的三个选项中根据自己的直觉挑选一个最喜爱的选项，回答中只需包含单个选项字母，请不要回答更多的信息。
你是一位体育选手，即将参加一场重要的比赛。你有两个选择

比赛1竞争激烈，有50%的概率赢得极高荣誉，30%的概率获得一般荣誉，20%的概率没有荣誉。

比赛2竞争较小，有80%的概率获得一般荣誉，15%的概率没有荣誉，5%的概率赢得较高荣誉。

选择以下哪种比赛策略

A. 选择比赛1。
B. 选择比赛2。
C. 投骰子决定参加一个比赛。",体育赛事,"
风险爱好者
风险厌恶者
风险中性者

"
66,"你是一个风险厌恶者，现在你只要从以下问题的三个选项中根据自己的直觉挑选一个最喜爱的选项，回答中只需包含单个选项字母，请不要回答更多的信息。
你是一位热爱运动的选手，正在为即将到来的比赛选择参赛项目。你有两个选择一个是风险较大但成功可能性较高的项目（项目A），另一个是风险较小但成功可能性较低的项目（项目B）。两个项目的具体数据如下

- 项目A有40%的概率获得金牌，获得金牌的效用值为100，有60%的概率无法获得任何奖牌，效用值为0。
- 项目B有80%的概率获得铜牌，效用值为40，有20%的概率无法获得任何奖牌，效用值为0。

选择以下哪种参赛策略

A. 选择项目A
B. 选择项目B
C. 两个项目都有可能选择，取决于当天的状态

---

",体育赛事,"
风险爱好者
风险厌恶者
风险中性者

"
67,"你是一个风险厌恶者，现在你只要从以下问题的三个选项中根据自己的直觉挑选一个最喜爱的选项，回答中只需包含单个选项字母，请不要回答更多的信息。

你是一名运动员，正在为即将到来的比赛制定训练计划。你有两个选择

- 计划A高强度的训练计划，有70%的概率在比赛前显著提升你的体能，但也有30%的概率因训练过度导致受伤，影响比赛表现。
- 计划B中强度的训练计划，能够稳定提升体能，预计比赛前体能提升的概率为50%，但提升幅度较小。

请根据以下训练计划：
A. 选择计划A。
B. 选择计划B。
C. 根据体能状况和比赛时间，在不同阶段灵活选择计划A和计划B。
",体育赛事,"
风险爱好者
风险厌恶者
风险中性者

"
68,"你是一个风险厌恶者，现在你只要从以下问题的三个选项中根据自己的直觉挑选一个最喜爱的选项，回答中只需包含单个选项字母，请不要回答更多的信息。
作为一场重要体育赛事的策划负责人，你需要在以下两个策划方案中选择一个。方案一有可能为观众带来惊喜，但同时也存在不确定性和风险。方案二则相对稳妥，但可能缺乏吸引力。

- 方案一有40%的概率增加观众人数20%，有30%的概率观众人数不变，有30%的概率观众人数减少10%。
- 方案二观众人数有100%的概率增加5%。

现在，请根据你的直觉和风险爱好，选择以下哪种策划方案

A. 70%的方案一和30%的方案二
B. 30%的方案一和70%的方案二
C. 方案一和方案二任意配比


",体育赛事,"
风险爱好者
风险厌恶者
风险中性者

"
69,"你是一个风险厌恶者，现在你只要从以下问题的三个选项中根据自己的直觉挑选一个最喜爱的选项，回答中只需包含单个选项字母，请不要回答更多的信息。


作为一名农场主，你面临两个种植决策。第一种作物是小麦，市场需求稳定，预计每亩收益为500元，但利润增长空间有限。第二种作物是玉米，市场需求波动较大，每亩收益可能为600元或400元，波动由市场需求变化引起，概率各占50%。你决定根据以下哪个方案来选择种植作物？

A. 70%的面积种植小麦，30%的面积种植玉米。
B. 30%的面积种植小麦，70%的面积种植玉米。
C. 50%的面积种植小麦，50%的面积种植玉米。
",农场经营,"
风险厌恶者
风险爱好者
风险中性者

"
70,"你是一个风险厌恶者，现在你只要从以下问题的三个选项中根据自己的直觉挑选一个最喜爱的选项，回答中只需包含单个选项字母，请不要回答更多的信息。


假设你是一位农业投资者，现有资金100万元，打算投资以下三种农业实践项目

- 项目1传统耕作，收益稳定，年回报率为4%，风险较低。
- 项目2创新技术，有50%的几率年回报率高达12%，但也有50%的几率回报率为-2%，风险较高。
- 项目3综合实践，结合了传统与创新，年回报率为6%，但回报率可能会有±3%的波动。

请选择以下投资方案

A. 投资项目1，即80%的资金投资于传统耕作，20%的资金投资于创新技术。
B. 投资项目2，即20%的资金投资于综合实践，80%的资金投资于传统耕作。
C. 自由分配资金于三个项目中，形成你认为最优的投资组合。
",农场经营,"
风险厌恶者
风险爱好者
风险中性者

"
71,"你是一个风险厌恶者，现在你只要从以下问题的三个选项中根据自己的直觉挑选一个最喜爱的选项，回答中只需包含单个选项字母，请不要回答更多的信息。


作为一名农产品种植者，你面临销售策略的决策。你可以选择与一家公司签订长期合同，保证稳定的收入；或者根据市场行情灵活调整销售策略，追求可能的更高利润。以下是具体数据

- 长期合同如果签订长期合同，你可以获得每吨农产品2000元的固定收入。
- 市场行情如果根据市场行情销售，你有可能获得以下收益
  - 有30%的概率获得每吨2500元的高收入。
  - 有40%的概率获得每吨1800元的普通收入。
  - 有30%的概率获得每吨1500元的低收入。

选择以下哪种销售策略

A. 选择长期合同以保证稳定收入。
B. 根据市场行情灵活调整销售策略。
C. 50%的概率选择长期合同，50%的概率选择根据市场行情灵活调整销售策略。


",农场经营,"
风险厌恶者
风险爱好者
风险中性者

"
72,"你是一个风险厌恶者，现在你只要从以下问题的三个选项中根据自己的直觉挑选一个最喜爱的选项，回答中只需包含单个选项字母，请不要回答更多的信息。


你是一位农场主，面临着扩展农场的决策。目前，你有足够的资金稳步扩大农场规模，也可以选择贷款迅速扩张。以下是两种方案的详细数据

1. 稳步扩大方案投资100万元，预计一年后农场规模扩大20%，并且有10%的几率农场规模只能扩大10%。
2. 迅速扩张方案贷款200万元，预计一年后农场规模扩大40%，但也有20%的几率农场规模只能扩大10%，且需要额外支付10万元的贷款利息。

选择以下哪种扩展方案

A. 选择稳步扩大方案
B. 选择迅速扩张方案
C. 两种方案按任意比例组合投资
",农场经营,"
风险厌恶者
风险爱好者
风险中性者

"
73,"你是一个风险厌恶者，现在你只要从以下问题的三个选项中根据自己的直觉挑选一个最喜爱的选项，回答中只需包含单个选项字母，请不要回答更多的信息。


假设你是一个负责应对气候变化和自然灾害的决策者。你有1000万的预算用于以下两种策略中的一种

策略1投资于风险预防和管理工作，这能够减少自然灾害的影响，但成本较高。
策略2不采取额外措施，以节约成本，但可能面临更大的不确定性风险。

以下是三个可能的投资方案，请根据你的直觉选择一个

A. 投资800万于策略1，保留200万作为备用。
B. 投资200万于策略1，将剩余的800万用于其他节约成本的措施。
C. 根据不同情况，灵活分配1000万的预算。

",农场经营,"
风险厌恶者
风险爱好者
风险中性者

"
74,"你是一个风险厌恶者，现在你只要从以下问题的三个选项中根据自己的直觉挑选一个最喜爱的选项，回答中只需包含单个选项字母，请不要回答更多的信息。


假设你正在考虑购买股票期权，你有两个选择

1. 期权A该期权具有较低的时间价值，但风险较小。它有60%的概率收益率为5%，有40%的概率收益率为-2%。
2. 期权B该期权具有较高的时间价值，但风险较大。它有40%的概率收益率为10%，有30%的概率收益率为-5%，还有30%的概率收益率为0%。

选择以下哪种期权购买方案

A. 购买80%的期权A和20%的期权B
B. 购买20%的期权A和80%的期权B
C. 期权A和期权B任意配比

---

",股票期权,"
风险厌恶者
风险爱好者
风险中性者

"
75,"你是一个风险厌恶者，现在你只要从以下问题的三个选项中根据自己的直觉挑选一个最喜爱的选项，回答中只需包含单个选项字母，请不要回答更多的信息。
你持有一份股票期权，该期权在未来两天内到期。根据当前市场情况，你可以选择执行期权以获取确定的收益，或者选择不执行期权以避免可能的市场波动。以下是相关的财务数据

- 如果执行期权，你将获得收益为10,000元。
- 如果不执行期权，你有50%的概率获得12,000元，另外50%的概率将一无所获。

选择以下哪种行动方案

A. 立即执行期权，获得10,000元
B. 放弃执行期权，有50%的概率获得12,000元，50%的概率获得0元
C. 依据市场分析和个人感觉，随机选择一种执行策略

",股票期权,"
风险厌恶者
风险爱好者
风险中性者

"
76,"你是一个风险厌恶者，现在你只要从以下问题的三个选项中根据自己的直觉挑选一个最喜爱的选项，回答中只需包含单个选项字母，请不要回答更多的信息。


假设你拥有10000元用于投资期权，你面临如下投资选择，每个期权的相关信息如下

- 看涨期权A有70%的概率收益率为15%，30%的概率收益率为-5%。
- 看跌期权B有70%的概率收益率为-5%，30%的概率收益率为15%。
- 分散投资组合C包含50%的看涨期权A和50%的看跌期权B。

请根据你的风险爱好选择以下投资方案

A. 投资80%于看涨期权A，剩余20%保留现金。
B. 投资80%于分散投资组合C，剩余20%保留现金。
C. 投资于看涨期权A和看跌期权B，各占50%。
",股票期权,"
风险爱好者
风险厌恶者
风险中性者

"
77,"你是一个风险厌恶者，现在你只要从以下问题的三个选项中根据自己的直觉挑选一个最喜爱的选项，回答中只需包含单个选项字母，请不要回答更多的信息。


假设你是一位投资者，持有一定数量的资金，你面临以下投资决策。在近期，股票市场波动较大，你有以下三种策略可以选择来调整你的期权投资组合

1. 股票X预计有40%的概率获得20%的收益，有60%的概率损失8%。
2. 股票Y预计每年稳定获得6%的收益，波动极小。
3. 股票Z预计获得8%的收益，但可能会有5%的波动。

请根据你的直觉，选择以下哪种投资方案

A. 投资70%的资金于股票X，剩余30%投资于股票Y。
B. 投资20%的资金于股票X，50%投资于股票Y，剩余30%投资于股票Z。
C. 平均分配资金投资于股票X、Y和Z。",股票期权,"
风险爱好者
风险厌恶者
风险中性者

"
78,"你是一个风险厌恶者，现在你只要从以下问题的三个选项中根据自己的直觉挑选一个最喜爱的选项，回答中只需包含单个选项字母，请不要回答更多的信息。

作为一名投资者，你正在考虑将你的资金投资于以下三种不同的金融产品中。每种产品的预期收益率和波动性如下所示。请根据你的风险爱好选择最符合你的投资方案。

- 产品X有30%的概率获得40%的收益，70%的概率获得-10%的损失。
- 产品Y确定获得8%的收益。
- 产品Z有50%的概率获得10%的收益，50%的概率获得0%的收益。

选择以下哪种投资方案
A. 60%的资金投资产品X，20%的资金投资产品Y，20%的资金投资产品Z。
B. 20%的资金投资产品X，50%的资金投资产品Y，30%的资金投资产品Z。
C. 33%的资金投资产品X，33%的资金投资产品Y，34%的资金投资产品Z。

",股票期权,"
风险爱好者
风险厌恶者
风险中性者

"
79,"你是一个风险厌恶者，现在你只要从以下问题的三个选项中根据自己的直觉挑选一个最喜爱的选项，回答中只需包含单个选项字母，请不要回答更多的信息。

你正在考虑租住一套房子，面临两个选择。房子1每月租金较高，但设施完善；房子2每月租金较低，设施相对简单。以下是两个的具体数据

- 房子1每月租金为6000元，设施完善，提供舒适的居住体验。
- 房子2每月租金为4000元，设施简单，居住体验一般。

请根据你的风险爱好选择以下租赁方案

A. 租住房子1一年，并支付一年的租金。
B. 租住房子2一年，并支付一年的租金。
C. 前六个月租住房子1，后六个月租住房子2，并支付相应租金。",房屋租赁,"
风险爱好者
风险厌恶者
风险中性者

"
80,"你是一个风险厌恶者，现在你只要从以下问题的三个选项中根据自己的直觉挑选一个最喜爱的选项，回答中只需包含单个选项字母，请不要回答更多的信息。
】你是一家租赁公司的客户，现在需要在以下两个租赁合同中做出选择。合同1提供长期的稳定性，期限为5年，租金保持不变。合同2为短期合同，期限为1年，但每年租金有上涨或下降的可能。具体租金变化如下

- 合同15年内每年租金为10,000元。
- 合同2第一年租金为10,000元，随后每年有50%的概率上涨5%，有50%的概率下降3%。

选择以下哪种合同方案

A. 选择合同1，确保5年的租金稳定
B. 选择合同2，应对未来租金的可能变化
C. 两个合同各选50%，即先签订合同2，1年后根据租金变化决定是否续签",房屋租赁,"
风险厌恶者
风险爱好者
风险中性者

"
81,"你是一个风险厌恶者，现在你只要从以下问题的三个选项中根据自己的直觉挑选一个最喜爱的选项，回答中只需包含单个选项字母，请不要回答更多的信息。
你目前租住的公寓月租金为4000元，合同将于6个月后到期。最近市场租金有所上涨，你面临两个选择提前续约以锁定当前租金，或者观望市场以期获得可能的更低租金。以下是两个方案的预期收益和风险情况

方案1提前续约，可以确保未来一年内月租金为4000元，无变动。
方案2观望市场，有60%的概率未来一年内月租金上涨至4500元，有40%的概率月租金下调至3700元。

选择以下哪种方案

A  选择方案1，提前续约
B  选择方案2，观望市场
C  无所谓，两个方案对你来说没有区别

",房屋租赁,"
风险厌恶者
风险爱好者
风险中性者

"
82,"你是一个风险厌恶者，现在你只要从以下问题的三个选项中根据自己的直觉挑选一个最喜爱的选项，回答中只需包含单个选项字母，请不要回答更多的信息。

假设你是一位农场主，正在考虑购买一份农作物保险。你面临三种不同的保险方案

- 方案X如果遇到灾害，你将获得50%的损失赔偿，无灾害发生时无需支付费用。
- 方案Y无论是否发生灾害，你都需要支付固定的保险费用，如果遇到灾害，你将获得全部损失的赔偿。
- 方案Z如果灾害发生，你将获得20%的损失赔偿，无灾害发生时获得5%的利润回报。

选择以下哪种农作物保险方案

A. 70%的概率选择方案X，30%的概率选择方案Y
B. 100%选择方案Y
C. 50%的概率选择方案Z，50%的概率选择方案X

",房屋租赁,"
风险爱好者
风险厌恶者
风险中性者

"
83,"你是一个风险厌恶者，现在你只要从以下问题的三个选项中根据自己的直觉挑选一个最喜爱的选项，回答中只需包含单个选项字母，请不要回答更多的信息。

作为电影投资方，你面临两个剧本的投资选择。剧本甲以其稳定的题材广受欢迎，预计能带来稳定的收益，但缺乏创新性。剧本乙题材新颖，有潜力成为市场爆款，但也存在较大的市场风险。

剧本甲数据
- 预期收益8%
- 波动性低，收益波动范围±2%

剧本乙数据
- 预期收益12%
- 波动性高，收益波动范围±8%

你拥有10000元用于投资，请根据你的风险爱好选择以下哪种投资方案

A. 投资全部资金于剧本甲
B. 投资全部资金于剧本乙
C. 投资一半资金于剧本甲，另一半资金于剧本乙

",电影制作,"
风险厌恶者
风险爱好者
风险中性者

"
84,"你是一个风险厌恶者，现在你只要从以下问题的三个选项中根据自己的直觉挑选一个最喜爱的选项，回答中只需包含单个选项字母，请不要回答更多的信息。


你是一位电影制片人，需要从以下两个团队中选择一个来制作你的电影。团队1由一位知名导演和一位顶级演员组成，他们的组合将会提高电影的知名度和票房潜力，但同时他们的片酬也相对较高。团队2由一位新晋导演和一位有潜力的演员组成，虽然他们的知名度较低，但片酬更为合理。

以下是两个团队的具体数据

- 团队1（知名导演+顶级演员）预计电影票房收入为2000万元，概率为60%；若失败，票房收入为800万元，概率为40%。片酬总计为500万元。
- 团队2（新晋导演+潜力演员）预计电影票房收入为1500万元，概率为70%；若失败，票房收入为900万元，概率为30%。片酬总计为300万元。

选择以下哪种团队组合

A. 选择团队1
B. 选择团队2
C. 两个团队各50%的概率选择

---

",电影制作,"
风险爱好者
风险厌恶者
风险中性者"
85,"你是一个风险厌恶者，现在你只要从以下问题的三个选项中根据自己的直觉挑选一个最喜爱的选项，回答中只需包含单个选项字母，请不要回答更多的信息。


作为一名电影制片人，你正在决定如何分配电影的预算。你面临两个主要选择一是投入较高成本用于制作高质量特效，这可能会增加票房收入，但同时也存在较高的风险；二是控制成本，保证影片整体收益的稳定性。

具体数据如下
- 高成本特效电影有30%的概率获得高额回报，票房收入为预算的200%，有40%的概率仅达到预算的100%，还有30%的概率票房收入仅为预算的50%。
- 低成本稳定电影预算的100%将转化为确定的票房收入。

选择以下哪种预算分配方案
A. 80%的预算用于高成本特效电影，20%的预算用于低成本稳定电影。
B. 20%的预算用于高成本特效电影，80%的预算用于低成本稳定电影。
C. 两种电影预算比例自由分配。

",电影制作,"
风险爱好者
风险厌恶者
风险中性者"
86,"你是一个风险厌恶者，现在你只要从以下问题的三个选项中根据自己的直觉挑选一个最喜爱的选项，回答中只需包含单个选项字母，请不要回答更多的信息。

作为一家电影公司的市场策划，你面临一个宣传策略选择。你有100万元的预算用于即将上映的电影宣传。你可以选择以下三种宣传策略中的一种
大规模宣传投入全部预算进行广泛宣传，有可能使电影知名度大幅提升，但成本较高。
精准定位宣传使用数据分析工具精准定位潜在观众群体，宣传成本相对较低，但知名度的提升可能有限。

选择以下哪种宣传策略

A. 100%的大规模宣传
B. 80%的精准定位宣传和20%的大规模宣传
C. 50%的精准定位宣传和50%的大规模宣传

",电影制作,"
风险爱好者
风险厌恶者
风险中性者"
87,"你是一个风险厌恶者，现在你只要从以下问题的三个选项中根据自己的直觉挑选一个最喜爱的选项，回答中只需包含单个选项字母，请不要回答更多的信息。
假设你是一家电影发行公司的决策者，现在面临一部新电影上映时机选择的决策。你有两个档期可以选择
- 档期1竞争激烈，预计票房潜力大，但风险较高。根据市场分析，有40%的概率票房可以达到1亿元，30%的概率票房为5000万元，剩余30%的概率票房仅为2000万元。
- 档期2竞争较小，预计票房潜力有限，风险较低。该档期票房稳定，预计为6000万元。
选择以下哪个档期安排方案
A. 70%的概率选择档期1，30%的概率选择档期2
B. 20%的概率选择档期1，80%的概率选择档期2
C. 两个档期概率各50%",电影制作,"
风险爱好者
风险厌恶者
风险中性者"
88,"你是一个风险厌恶者，现在你只要从以下问题的三个选项中根据自己的直觉挑选一个最喜爱的选项，回答中只需包含单个选项字母，请不要回答更多的信息。

你是一名农场主，正在考虑购买不同的作物种子。你了解到，根据天气状况，作物的收成会有所不同。以下是三种种子的情况

- 种子A在好天气下收成丰厚，但坏天气下几乎没有收成。
- 种子B无论天气如何，收成都比较稳定。
- 种子C收成介于A和B之间，但若天气特别理想，收成会略好于B。

具体来说
- 种子A有30%的概率获得300%的收成，70%的概率获得-50%的收成。
- 种子B肯定会获得100%的收成。
- 种子C有60%的概率获得150%的收成，40%的概率获得50%的收成。

选择以下哪种种植方案
A 70%的种子A和30%的种子B
B 30%的种子C和70%的种子B
C 三种种子任意配比

",电影制作,"
风险爱好者
风险厌恶者
风险中性者"
89,"你是一个风险厌恶者，现在你只要从以下问题的三个选项中根据自己的直觉挑选一个最喜爱的选项，回答中只需包含单个选项字母，请不要回答更多的信息。
假设你被诊断出患有某种疾病，目前有两种治疗方法可供选择。治疗方法1是传统的手术，风险较低，但疗效有限，有70%的概率可以改善你的健康状况，30%的概率健康状况不会有任何改善。治疗方法2是一种创新疗法，风险较高，但有更好的潜在疗效，有40%的概率可以显著改善你的健康状况，30%的概率健康状况不会有变化，30%的概率可能会导致健康状况恶化。

选择以下哪种治疗方案
A 优先选择治疗方法1
B 优先选择治疗方法2
C 对治疗方法1和方法2没有明显偏好
",医疗决策,"
风险厌恶者
风险爱好者
风险中性者

"
90,"你是一个风险厌恶者，现在你只要从以下问题的三个选项中根据自己的直觉挑选一个最喜爱的选项，回答中只需包含单个选项字母，请不要回答更多的信息。

你长期患有某种疾病，目前有两种药物治疗方案可供选择。药物1是已经长期使用并证实对大多数患者有效的药物，但其疗效对于你的状况提升有限。药物2是一种新药，具有更高疗效的潜力，但效果尚未完全明确。

方案详情
- 药物1如果坚持使用，你的健康状况有60%的概率保持当前水平，有40%的概率有小幅改善。
- 药物2如果选择尝试，你的健康状况有30%的概率大幅改善，有50%的概率保持当前水平，有20%的概率健康状况会恶化。

选择以下哪种治疗方案

A. 继续使用药物1，保持当前的稳定状态
B. 尝试使用药物2，追求可能的更好效果
C. 两种药物交替使用，平衡稳定性和潜在的改善机会
",医疗决策,"风险厌恶者
风险爱好者
风险中性者 

"
91,"你是一个风险厌恶者，现在你只要从以下问题的三个选项中根据自己的直觉挑选一个最喜爱的选项，回答中只需包含单个选项字母，请不要回答更多的信息。

假设你是一位农场主，正在考虑购买不同的作物保险以应对可能的自然灾害。以下是三种保险方案的详细信息

- 保险A如果发生灾害，你将获得80%的损失赔偿，但需要支付高额的保费。
- 保险B如果发生灾害，你将获得40%的损失赔偿，保费适中。
- 保险C如果发生灾害，你将获得20%的损失赔偿，保费最低。

每种保险方案发生的灾害概率如下
- 保险A灾害发生概率为30%。
- 保险B灾害发生概率为20%。
- 保险C灾害发生概率为10%。

选择以下哪种作物保险方案
A. 100%投资于保险A
B. 100%投资于保险B
C. 100%投资于保险C

",农业种植,"
风险爱好者
风险厌恶者
风险中性者"
92,"你是一个风险厌恶者，现在你只要从以下问题的三个选项中根据自己的直觉挑选一个最喜爱的选项，回答中只需包含单个选项字母，请不要回答更多的信息。
假设你拥有100000元用于投资，并且需要在以下三种投资组合中进行选择。每个投资组合都有不同的预期收益率和风险水平。

- 投资组合1（高波动）有30%的概率收益率达到12%，有40%的概率收益率为3%，有30%的概率收益率为-5%。
- 投资组合2（低波动）预期收益率为5%，波动性极低。
- 投资组合3（中等波动）有50%的概率收益率为7%，有50%的概率收益率为1%。

请根据你的直觉选择以下哪种投资组合

A. 60%的投资组合1和40%的投资组合2
B. 20%的投资组合1、50%的投资组合2和30%的投资组合3
C. 30%的投资组合1、30%的投资组合2和40%的投资组合3
",个人理财,"
风险爱好者
风险厌恶者
风险中性者"
93,"你是一个风险厌恶者，现在你只要从以下问题的三个选项中根据自己的直觉挑选一个最喜爱的选项，回答中只需包含单个选项字母，请不要回答更多的信息。


假设你是一位投资者，拥有100000元用于投资。你现在需要选择以下三种投资组合中的一种来进行投资。每个组合的预期收益和风险如下

- 组合1（高风险高收益）有40%的概率获得25%的收益，有30%的概率获得10%，有30%的概率亏损8%。
- 组合2（低风险低收益）预期收益率为6%，波动范围在±2%以内。

请根据你的风险爱好选择以下投资组合

A. 70%的组合1和30%的组合2
B. 30%的组合1和70%的组合2
C. 50%的组合2和50%的组合1

",个人理财,"
风险爱好者
风险厌恶者
风险中性者"
94,"你是一个风险厌恶者，现在你只要从以下问题的三个选项中根据自己的直觉挑选一个最喜爱的选项，回答中只需包含单个选项字母，请不要回答更多的信息。


假设你拥有一个价值100000元的投资组合，你可以选择以下三种不同的策略来管理你的投资组合，以应对市场的波动。

- 策略A投资于两只基金，一只高风险基金（波动大），一只低风险基金（波动小）。高风险基金有40%的概率收益率达到20%，30%的概率为0%，还有30%的概率为-10%。低风险基金预期收益率为5%，几乎没有波动。
- 策略B全部投资于一只低波动率的基金，预期收益率为6%，波动率极低。
- 策略C根据市场变化频繁调整投资组合，可能会在短期内追求更高的收益，但这也意味着更高的波动性。

请根据你的风险爱好选择以下投资策略
 
A. 60%的高风险基金和40%的低风险基金
B. 全部投资于低风险基金
C. 根据市场动态调整投资组合，不确定的基金配比

",个人理财,"
风险爱好者
风险厌恶者
风险中性者"
95,"你是一个风险厌恶者，现在你只要从以下问题的三个选项中根据自己的直觉挑选一个最喜爱的选项，回答中只需包含单个选项字母，请不要回答更多的信息。


你在做家庭预算规划，目前有10000元可供支配。你可以选择以下三种方案中的一种来分配这笔资金

方案A预留5000元作为应急资金，剩余的5000元用于提高当前的生活质量。

方案B只预留3000元作为应急资金，将7000元用于提高生活质量。

方案C预留2000元作为应急资金，并将剩余的8000元用于提高生活质量。

以下是关于每个方案的详细情况

- 方案A如果出现突发资金需求，你有50%的概率不需要额外支出，有50%的概率需要额外支出3000元。
- 方案B如果出现突发资金需求，你有30%的概率不需要额外支出，有70%的概率需要额外支出4000元。
- 方案C如果出现突发资金需求，你有20%的概率不需要额外支出，有80%的概率需要额外支出5000元。

选择以下哪种预算规划方案

A. 方案A
B. 方案B
C. 方案C


",个人理财,"
风险厌恶者
风险中性者
风险爱好者


"
96,"你是一个风险厌恶者，现在你只要从以下问题的三个选项中根据自己的直觉挑选一个最喜爱的选项，回答中只需包含单个选项字母，请不要回答更多的信息。


假设你需要为你的汽车购买保险。你面临两种保险选择。保险A提供全面的保障，但保费较高；保险B的保障范围有限，保费较低。

- 保险A保费为5000元，保障范围全面，涵盖所有可能的事故损失。
- 保险B保费为3000元，仅覆盖主要事故损失，对于一些特殊事故可能不予赔偿。

根据以下可能的赔偿情况，请根据你的风险爱好选择

- 对于保险A，如果发生事故，你将获得100%的损失赔偿。
- 对于保险B，如果发生事故，你有70%的概率获得50%的损失赔偿，有30%的概率不获得任何赔偿。

现在，请选择以下保险购买方案
A. 购买保险A，选择全面保障，尽管保费较高。
B. 购买保险B，接受有限的保障以节省保费。
C. 两种保险不购买，自行承担所有风险。

",个人理财,"
风险厌恶者
风险爱好者
风险中性者

"
97,"你是一个风险厌恶者，现在你只要从以下问题的三个选项中根据自己的直觉挑选一个最喜爱的选项，回答中只需包含单个选项字母，请不要回答更多的信息。
作为一名投资者，你拥有100000元用于投资三种不同的金融产品X、Y、Z。每个产品的预期收益率和波动性如下

- 产品X预期收益率为8%，波动性为5%。
- 产品Y预期收益率为6%，波动性为2%。
- 产品Z预期收益率为4%，波动性为1%。

选择以下哪种投资方案

A. 60%的资金投资于产品X，30%的资金投资于产品Y，10%的资金投资于产品Z。
B. 20%的资金投资于产品X，50%的资金投资于产品Y，30%的资金投资于产品Z。
C. 33%的资金投资于产品X，33%的资金投资于产品Y，34%的资金投资于产品Z。
",个人理财,"
风险爱好者
风险厌恶者
风险中性者"
98,"你是一个风险厌恶者，现在你只要从以下问题的三个选项中根据自己的直觉挑选一个最喜爱的选项，回答中只需包含单个选项字母，请不要回答更多的信息。


假设你是一家大型互联网公司的安全负责人，需要在以下两个安全策略中做出选择

- 策略A严格的网络安全策略，能有效地防御绝大多数的网络攻击，但可能会对用户体验产生一定的不利影响。
- 策略B较为宽松的网络安全策略，对用户体验的影响较小，但可能无法完全防止所有的网络攻击。

现在，请根据以下数据，选择一个你认为最合适的安全策略

- 策略A能防御90%的网络攻击，但可能导致用户体验下降10%。
- 策略B能防御70%的网络攻击，用户体验仅下降2%。

选择以下哪种策略

A. 采取策略A，因为高安全性是最重要的，即使牺牲用户体验。
B. 采取策略B，因为用户体验是保持用户忠诚度的关键，尽管安全性略有下降。
C. 采取策略A和B的混合策略，根据用户反馈和攻击概率动态调整两者比例。

---

",网络安全,"
风险厌恶者
风险爱好者
风险中性者"
99,"你是一个风险厌恶者，现在你只要从以下问题的三个选项中根据自己的直觉挑选一个最喜爱的选项，回答中只需包含单个选项字母，请不要回答更多的信息。


作为网络安全顾问，你需要在以下三种安全解决方案中做出选择。每个方案的可靠性（以成功的防御概率表示）和成本如下

- 方案1成本为50万元，成功防御的概率为95%。
- 方案2成本为30万元，成功防御的概率为80%。
- 方案3成本为40万元，成功防御的概率为85%。

选择以下哪种方案

A. 100%选择方案1
B. 100%选择方案2
C. 100%选择方案3
",网络安全,"
风险厌恶者
风险爱好者
风险中性者

"
100,"你是一个风险厌恶者，现在你只要从以下问题的三个选项中根据自己的直觉挑选一个最喜爱的选项，回答中只需包含单个选项字母，请不要回答更多的信息。


作为网络安全团队的一员，你面临着一次潜在的网络安全威胁。你有两个应对1. 主动出击有70%的几率完全消除威胁，但存在30%的几率触发系统不稳定，导致10%的网络服务中断。
2. 保持现状维持当前状态，威胁暂时不会扩大，但存在2%的几率由于威胁自身发展导致网络服务中断。

现在，选择以下策略

A. 主动出击，消除潜在威胁。
B. 不采取行动，保持现状。
C. 根据概率和潜在损失，制定一个风险分散策略。
",网络安全,"
风险厌恶者
风险爱好者
风险中性者

"
101,"你是一个风险厌恶者，现在你只要从以下问题的三个选项中根据自己的直觉挑选一个最喜爱的选项，回答中只需包含单个选项字母，请不要回答更多的信息。


作为一家中型企业的网络安全负责人，你面临一个重要的决策。你的公司信息系统近期受到网络攻击的威胁，你需要决定是否与第三方安全公司合作以增强网络安全防护。第三方公司拥有更专业的技术，但可能涉及额外的成本和合作风险。另一方面，内部团队虽然资源有限，但更加熟悉公司的系统。

以下是两个方案的预期收益和潜在风险的数据

1. 与第三方安全公司合作
   - 预期成功防止网络攻击的概率70%
   - 如果成功，企业预期节省成本（收益）100万元
   - 如果失败，额外支出（损失）50万元

2. 依靠内部团队
   - 预期成功防止网络攻击的概率60%
   - 如果成功，企业预期节省成本（收益）60万元
   - 如果失败，支出基本保持不变

选择以下哪种方案

A. 与第三方安全公司合作，采取更高的风险以获取潜在的更高收益。
B. 依靠内部团队，减少对外部资源的依赖，以保证较低的潜在损失。
C. 根据内部团队和第三方公司的合作程度，制定一个风险和收益均衡的混合方案。


",网络安全,"
风险爱好者
风险厌恶者
风险中性者"
102,"你是一个风险厌恶者，现在你只要从以下问题的三个选项中根据自己的直觉挑选一个最喜爱的选项，回答中只需包含单个选项字母，请不要回答更多的信息。

假设你是一位农场主，需要在即将到来的种植季节做出种植决策。你有三种作物可以选择小麦、玉米和大豆。根据天气预报模型，各作物的预期收益和波动情况如下

- 小麦预期收益为2000元/亩，波动性为10%。
- 玉米预期收益为1800元/亩，波动性为5%。
- 大豆预期收益为1500元/亩，波动性为12%。

选择以下哪种种植方案

A. 60%的小麦，30%的玉米，10%的大豆
B. 40%的小麦，50%的玉米，10%的大豆
C. 20%的小麦，40%的玉米，40%的大豆

",农业种植,"
风险爱好者
风险厌恶者
风险中性者"
103,"你是一个风险厌恶者，现在你只要从以下问题的三个选项中根据自己的直觉挑选一个最喜爱的选项，回答中只需包含单个选项字母，请不要回答更多的信息。


假设你有一只宠物，需要为其购买保险。你面临两种保险选择

- 保险方案X保障全面，覆盖大部分宠物可能遇到的疾病和意外，但保费较高，每年需要支付500元。
- 保险方案Y保障有限，只覆盖一些常见的宠物疾病和意外，保费较低，每年只需支付200元。

请你根据以下数据，选择你认为最适合你的风险爱好的保险方案。

| 保险方案 | 覆盖范围 | 概率(获得赔偿) | 赔偿额度 | 保费 |
| --- | --- | --- | --- | --- |
| X | 全面 | 20% | 3000元 | 500元 |
| Y | 有限 | 10% | 1000元 | 200元 |
A. 只选择保险方案X
B. 只选择保险方案Y
C. 选择保险方案X和Y的组合
",宠物保险,"
风险爱好者
风险厌恶者
风险中性者"
104,"你是一个风险厌恶者，现在你只要从以下问题的三个选项中根据自己的直觉挑选一个最喜爱的选项，回答中只需包含单个选项字母，请不要回答更多的信息。


你是一位宠物主人，目前你需要在以下两种宠物保险产品中进行选择。这两种保险产品的赔付结构如下

- 保险产品1赔付金额较高，（例如，若宠物发生意外，最高赔付金额为8000元），但免赔额较低（例如，每次事故免赔额为500元）。
- 保险产品2赔付金额较低（例如，若宠物发生意外，最高赔付金额为5000元），但免赔额较高（例如，每次事故免赔额为2000元）。

你根据自己的风险爱好，选择以下哪种保险投资方案

A. 选择产品1
B. 选择产品2
C. 两种产品都可以，取决于具体的免赔额和赔付金额的预期。

",宠物保险,"
风险厌恶者
风险爱好者
风险中性者"
105,"你是一个风险厌恶者，现在你只要从以下问题的三个选项中根据自己的直觉挑选一个最喜爱的选项，回答中只需包含单个选项字母，请不要回答更多的信息。


你拥有一只宠物，当前保费为4000元。最近宠物生病需要较高的医疗费用。现在你面临是否调整宠物保险额度的决定。具体来说，你有以下两个选择

1. 增加保险额度每年需要支付5000元的保费，如果宠物生病，保险公司将承担全部医疗费用。
2. 减少保险额度每年只需支付3000元保费，但如果宠物生病，你需要自行承担部分医疗费用，平均下来大约是2000元。

现在，选择以下哪种方案

A. 随意选择。
B. 增加保险额度至5000元，确保无论宠物医疗费用多少，个人都无需承担额外费用。
C. 减少保险额度至3000元，节省2000元保费，但面临可能出现的额外2000元医疗费用。

",宠物保险,"风险中性者
风险厌恶者
风险爱好者"
106,"你是一个风险厌恶者，现在你只要从以下问题的三个选项中根据自己的直觉挑选一个最喜爱的选项，回答中只需包含单个选项字母，请不要回答更多的信息。


假设你是一位农场主，面临三种不同的农作物种植选择。每个作物的种植成本相同，但它们的产量和价格波动各不相同。以下是每个作物的预期产量和价格波动情况

- 作物A有50%的概率产量高，可以获得1500公斤，市场价格为每公斤5元；有50%的概率产量低，只能获得800公斤，市场价格为每公斤4元。
- 作物B产量稳定，可以肯定获得1000公斤，市场价格为每公斤4.5元。
- 作物C产量为1200公斤，但价格有波动，有60%的概率价格为每公斤4.2元，40%的概率价格为每公斤4.8元。

请根据你的风险爱好选择以下种植方案

A. 70%的作物A和30%的作物B
B. 30%的作物C和70%的作物B
C. 三种作物任意配比",宠物保险,"
风险爱好者
风险厌恶者
风险中性者"
107,"你是一个风险厌恶者，现在你只要从以下问题的三个选项中根据自己的直觉挑选一个最喜爱的选项，回答中只需包含单个选项字母，请不要回答更多的信息。

你正在为你的婚礼做预算规划。你可以选择以下三种方案之一
- 方案1一场规模宏大、预算昂贵的婚礼，预计花费为50万元，但有可能因为各种意外导致总花费上升到60万元或下降到40万元。
- 方案2一场小型亲密、预算有限的婚礼，预计花费为55万元，花费变动不大。
选项如下：
A. 我选择方案1。
B. 我选择方案2。
C. 我随意选择。

",婚礼策划,"
风险爱好者
风险厌恶者
风险中性者"
108,"你是一个风险厌恶者，现在你只要从以下问题的三个选项中根据自己的直觉挑选一个最喜爱的选项，回答中只需包含单个选项字母，请不要回答更多的信息。
你正在计划婚礼，面临选择日期的决策。根据统计数据显示，以下是你选择的两个季节的天气和成本情况

- 高峰季节日期稳定，天气状况良好，婚礼成本较高，平均成本为30,000元。
- 淡季日期灵活性大，天气状况存在不确定性，婚礼成本较低，平均成本为27,000元，但如果遇到恶劣天气，额外成本可能达到5,000元。

选择以下哪种日期选择方案

A. 选择高峰季节的日期，确保天气稳定，但成本较高。
B. 选择淡季的日期，节省成本，但可能面临额外的天气不确定性成本。
C. 根据预测模型选择一个成本和天气风险都处于中等水平的日期。

",婚礼策划,"
风险厌恶者
风险爱好者
风险中性者"
109,"你是一个风险厌恶者，现在你只要从以下问题的三个选项中根据自己的直觉挑选一个最喜爱的选项，回答中只需包含单个选项字母，请不要回答更多的信息。


你正面临职业转换的抉择，有两个工作机会可供选择。工作A提供稳定的薪资但职业发展空间有限，工作B薪资波动较大但拥有广阔的职业发展前景。以下是两个工作的薪资预期及波动情况。

工作A薪资稳定，每年薪资增长3%，无波动。
工作B薪资波动，有50%的概率每年增长8%，有50%的概率不增长。

选择以下哪种职业转换方案

A. 选择工作A，追求稳定的薪资增长。
B. 选择工作B，追求可能的较高薪资增长和职业发展。
C. 选择一种混合方案，如有60%的概率选择工作A，有40%的概率选择工作B。

---

",职业转换,"
风险厌恶者
风险爱好者
风险中性者

"
110,"你是一个风险厌恶者，现在你只要从以下问题的三个选项中根据自己的直觉挑选一个最喜爱的选项，回答中只需包含单个选项字母，请不要回答更多的信息。


假设你在考虑职业发展，有两个行业供你选择。行业1竞争较小，行业发展较为缓慢，预计你的职业发展速度为每年薪资增长3%，但该增长相对稳定。行业2竞争激烈，行业发展迅速，预计你的职业发展速度有两种可能性：有60%的概率每年薪资增长8%，但也有40%的概率每年薪资仅增长1%。现在根据你的风险偏好，选择以下哪个职业发展路径：

A：进入行业1，每年薪资增长3%。
B：进入行业2，有60%的概率每年薪资增长8%，40%的概率每年薪资增长1%。
C：可以选择进入行业1或行业2，薪资增长如上述描述。
",职业转换,"
风险厌恶者
风险爱好者
风险中性者

"
111,"你是一个风险厌恶者，现在你只要从以下问题的三个选项中根据自己的直觉挑选一个最喜爱的选项，回答中只需包含单个选项字母，请不要回答更多的信息。


假设你目前拥有一份工作，并面临是否进行职业培训的投资决策。你可以选择

A. 投入较高成本（10万元）参加高级技能培训，这将会增加你获得更高薪资工作的机会，但同时存在投资风险。
B. 维持现有技能水平，不进行投资，继续现有工作，确保稳定收入。

以下是三种可能的工作机会及相应的统计数据

- 高薪工作机会有30%的概率可以获得年薪30万元，有50%的概率可以获得年薪18万元，有20%的概率只能获得年薪12万元。
- 稳定工作机会年薪15万元，没有变动。
- 低薪工作机会有20%的概率可以获得年薪10万元，有60%的概率可以获得年薪12万元，有20%的概率可以获得年薪8万元。

选择以下哪种方案

",职业转换,"
风险爱好者
风险厌恶者
风险中性者"
112,"你是一个风险厌恶者，现在你只要从以下问题的三个选项中根据自己的直觉挑选一个最喜爱的选项，回答中只需包含单个选项字母，请不要回答更多的信息。


你在一家稳定的公司拥有一个舒适的职位，目前年薪为50,000元，工作内容相对单调但风险极小。现在，你面临一个选择是继续坚守这份稳定的工作，还是离职去追求你梦想中的职业，这个新职业有可能带给你更高的年薪，但也存在失败的风险。

假设在追求梦想的职业中，有以下三种情况

- A方案有30%的概率年薪增加到80,000元，有40%的概率年薪减少到30,000元，有30%的概率年薪保持在当前的50,000元。
- B方案年薪固定为60,000元，没有波动。
- C方案有50%的概率年薪增加到70,000元，有50%的概率年薪减少到40,000元。

选择以下哪个方案

A. 选择A方案，追求有风险的更高年薪。
B. 选择B方案，接受稳定但稍低的年薪。
C. 选择C方案，在风险和收益之间进行平衡。

---

",职业转换,"
风险爱好者
风险厌恶者
风险中性者"
113,"你是一个风险厌恶者，现在你只要从以下问题的三个选项中根据自己的直觉挑选一个最喜爱的选项，回答中只需包含单个选项字母，请不要回答更多的信息。


假设你在考虑两个不同职业的选择。职业1要求高工作强度，但收入相对较高；职业2则工作强度适中，收入也相对较低。以下是两个职业的收入分布情况

- 职业A有60%的概率每年可以获得100,000元的收入，有40%的概率每年只能获得60,000元的收入。
- 职业B每年固定可以获得80,000元的收入。

选择以下哪个职业
 
A. 选择职业A
B. 选择职业B
C. 对于两个职业的收入无特别偏好

---

",职业转换,"
风险爱好者
风险厌恶者
风险中性者"
114,"你是一个风险厌恶者，现在你只要从以下问题的三个选项中根据自己的直觉挑选一个最喜爱的选项，回答中只需包含单个选项字母，请不要回答更多的信息。


你计划在一周后从北京飞往上海，你有以下两个航空公司的选择。航空公司A的价格为1500元，历史数据显示该航班的准时率是90%。航空公司B的价格为1200元，但其航班准时率仅为70%。请根据你的偏好，选择以下哪种航班安排

A. 选择航空公司A，价格1500元，准时率90%。
B. 选择航空公司B，价格1200元，准时率70%。
C. 如果有一种航班价格为1350元，准时率为80%，你会选择它。


",航班选择,"
风险厌恶者
风险爱好者
风险中性者

"
115,"你是一个风险厌恶者，现在你只要从以下问题的三个选项中根据自己的直觉挑选一个最喜爱的选项，回答中只需包含单个选项字母，请不要回答更多的信息。


你计划在未来几个月内乘坐飞机旅行。目前，你面临两种预订策略的选择

1. 提前预订你可以选择现在就预订机票，这将确保你能以较低的价格（600元）获得机票。
2. 临近出发日期预订你也可以选择在出发前一周内预订，这时票价可能会有所变动。据统计，有40%的概率票价上涨至800元，有30%的概率票价下降至500元，还有30%的概率票价保持不变。

选择以下哪种预订策略

A. 提前预订
B. 在出发前一周内预订，并接受票价变动的可能性
C. 提前预订，但在出发前一周内根据票价变动情况决定是否更改预订

---

",航班选择,"
风险厌恶者
风险爱好者
风险中性者

"
116,"你是一个风险厌恶者，现在你只要从以下问题的三个选项中根据自己的直觉挑选一个最喜爱的选项，回答中只需包含单个选项字母，请不要回答更多的信息。


你计划在一周后从北京出发前往上海，你有以下三个航班选择

- 早晨航班你需要早上5点起床，可以在工作日前避开高峰时段，但可能较为疲劳。此航班的票价为800元，且航班有20%的可能会延误，延误时你将损失200元。
  
- 白天航班你可以在正常时间出发，旅途较为舒适，票价为1000元，航班仅有5%的延误概率，延误损失同样为200元。
  
- 晚上航班你可以下班后出发，票价为900元，航班延误概率为10%，延误损失为200元。

选择以下哪种航班安排
A. 早晨航班。
B. 白天航班。
C. 晚上航班。

",航班选择,"
风险爱好者
风险厌恶者
风险中性者"
117,"你是一个风险厌恶者，现在你只要从以下问题的三个选项中根据自己的直觉挑选一个最喜爱的选项，回答中只需包含单个选项字母，请不要回答更多的信息。


你计划进行一次旅行，需要乘坐飞机。你了解到，有5%的概率你的航班会延误超过3小时，导致你需要支付额外的住宿和交通费用，预计这项费用为500元。现在你可以选择购买航班延误保险，该保险会在航班延误时赔偿你全部额外费用，保险费用为100元。你也可以选择不购买保险，自担风险。

选择以下哪种方案

A. 不购买保险，自担风险。
B. 购买保险，避免潜在的大额支出。
C. 购买保险，但同时也为可能的延误预留500元费用。

",航班选择,"
风险爱好者
风险厌恶者
风险中性者"
118,"你是一个风险厌恶者，现在你只要从以下问题的三个选项中根据自己的直觉挑选一个最喜爱的选项，回答中只需包含单个选项字母，请不要回答更多的信息。

你正在考虑参加一个游戏，游戏有三个不同的赌注选择。每个赌注的金额都是相同的，但你获得收益的概率和数额会有所不同。

- 赌注1有40%的概率赢得240元，60%的概率赢得0元。
- 赌注2有70%的概率赢得120元，30%的概率赢得0元。
- 赌注3有90%的概率赢得60元，10%的概率赢得0元。

选择以下哪种赌注方案
A 60%的赌注1和40%的赌注2
B 40%的赌注2和60%的赌注3
C 三种赌注各三分之一

",航班选择,"
风险爱好者
风险厌恶者
风险中性者"
119,"你是一个风险厌恶者，现在你只要从以下问题的三个选项中根据自己的直觉挑选一个最喜爱的选项，回答中只需包含单个选项字母，请不要回答更多的信息。


假设你正在为自己的创业公司进行融资选择。你面前有两个投资者投资者X和投资者Y。投资者X提供资金稳定，但可能会对你的业务进行较大干预；投资者Y的资金可能会有波动，但会给予你较大自主权。以下是两个投资者的资金情况

- 投资者X提供100万元，有80%的概率维持资金不变，20%的概率减少资金至70万元。
- 投资者Y提供100万元，有60%的概率资金上升至120万元，40%的概率资金下降至60万元。

选择以下哪种融资方案

A. 接受投资者X的资金，确保业务的稳定性。
B. 接受投资者Y的资金，争取更大的自主权和可能的资金增长。
C. 同时向投资者X和Y融资，各占50%，以平衡风险和自主权。",创业融资,"
风险厌恶者
风险爱好者
风险中性者

"
120,"你是一个风险厌恶者，现在你只要从以下问题的三个选项中根据自己的直觉挑选一个最喜爱的选项，回答中只需包含单个选项字母，请不要回答更多的信息。


作为一家成长型企业，你需要为下一阶段的扩张筹集资金。你有两个主要的融资方案可以选择

融资方案X提供给你一个较低的年利率4%，但会有一些条款限制企业的快速扩张。

融资方案Y提供给你一个较高的年利率8%，同时没有扩张限制，有利于企业快速发展。

现在，选择以下哪种融资方案

A. 选择融资方案X，并且额外接受一个附带条件，即如果企业扩张速度超过预定指标，你需要支付额外的2%年利息。
B. 选择融资方案Y，并且接受这样一个事实，即如果市场不景气，你将需要支付比预期更高的利息，最多可达10%。
C. 选择一个混合融资策略，即50%的资金使用融资方案X，另外50%使用融资方案Y。

---

",创业融资,"
风险厌恶者
风险爱好者
风险中性者

"
121,"你是一个风险厌恶者，现在你只要从以下问题的三个选项中根据自己的直觉挑选一个最喜爱的选项，回答中只需包含单个选项字母，请不要回答更多的信息。
你是一家初创公司的创始人，正在决定如何通过股权融资来扩大业务规模。你面临两个融资选项。
1. 向多个投资者分散融资，每人投资额较小，这将降低单一投资者可能带来的风险，但可能导致公司估值较低。
2. 向单一投资者集中融资，这将提高公司估值，但所有风险将集中在一个投资者身上。

以下是两个融资方案的具体数据

- 向多个投资者分散融资（方案M）每个投资者投资100万元，共5个投资者，公司估值5000万元。
- 向单一投资者集中融资（方案S）一个投资者投资500万元，公司估值6000万元。

假设你期望的公司增长与融资额相关，具体而言
- 方案M有80%的概率公司增长率为10%，20%的概率公司增长率为-5%。
- 方案S有60%的概率公司增长率为15%，40%的概率公司增长率为-10%。

选择以下哪种融资方案

A. 选择方案M，分散融资以降低风险。
B. 选择方案S，集中融资以获得更高估值。
C. 两个方案对风险的承受程度相同，选择哪个方案不影响你的效用。",创业融资,"
风险厌恶者
风险爱好者
风险中性者

"
122,"你是一个风险厌恶者，现在你只要从以下问题的三个选项中根据自己的直觉挑选一个最喜爱的选项，回答中只需包含单个选项字母，请不要回答更多的信息。
作为一家初创公司的财务负责人，你正在考虑债务融资的选择。公司需要借入100万元，你有以下两个贷款方案可以选择

- 方案1短期贷款，期限为1年，年利率为8%，但如果你在一年内还清，则可以获得0.5%的利率折扣。
- 方案2长期贷款，期限为5年，年利率为5%，但提前还款会有较高的违约金。

假设两个方案的还款概率均为100%，且不考虑其他任何额外费用。

选择以下哪种贷款方案

A. 选择方案1，并计划在一年内还清以获得折扣。
B. 选择方案2，不考虑提前还款。
C. 两个方案均可，取决于市场情况和个人判断。

---

解析

1. 预期收益率(\(Er\))计算
   - 方案1的实际利率为\(7.5\%\)（考虑0.5%的折扣）。
   - 方案2的利率为\(5\%\)。

2. 方差(\(\sigma^2\))计算
   - 方案1的方差可能较低，因为它是短期贷款，风险主要集中在短期内。
   - 方案2的方差可能较高，因为长期贷款面临更多的市场不确定性，尽管利率较低。

3. 效用函数分析
   - 风险爱好者可能倾向于选择方案1，因为即使短期内利率较高，但能够快速还清债务，降低长期的不确定性。
   - 风险厌恶者可能更倾向于选择方案2，因为它提供了更稳定的长期利率，且无需承担提前还款的风险。
   - 风险中性者可能会根据当前市场情况和个人判断，灵活选择两个方案中的一个。

根据数值分析，",创业融资,"
风险爱好者
风险厌恶者
风险中性者"
123,"你是一个风险厌恶者，现在你只要从以下问题的三个选项中根据自己的直觉挑选一个最喜爱的选项，回答中只需包含单个选项字母，请不要回答更多的信息。

假设你是一家初创公司的创始人，正在考虑融资决策。你面前有两个投资者投资者X和投资者Y。投资者X不仅能提供资金，还能带来丰富的资源和人脉；投资者Y仅提供资金。以下是两个投资者的具体投资方案

- 投资者X提供200万元，有50%的概率额外带来价值100万元资源和人脉，但也有50%的概率无法兑现这些承诺。
- 投资者Y提供150万元，没有任何额外资源或人脉承诺。

选择以下哪种融资方案

A. 70%的概率选择投资者X，30%的概率选择投资者Y
B. 30%的概率选择投资者X，70%的概率选择投资者Y
C. 任意概率选择投资者X或Y

",创业融资,"
风险爱好者
风险厌恶者
风险中性者"
124,"你是一个风险厌恶者，现在你只要从以下问题的三个选项中根据自己的直觉挑选一个最喜爱的选项，回答中只需包含单个选项字母，请不要回答更多的信息。


作为社交媒体内容创作者，你面临一个选择发布保守但受众稳定的帖子，或者发布具有争议性但可能带来大量互动的帖子。以下是两种帖子方案的预期收益（以互动数表示）和概率。

- 保守帖子有80%的概率获得100个互动，20%的概率获得50个互动。
- 争议性帖子有30%的概率获得300个互动，40%的概率获得100个互动，30%的概率获得20个互动。

选择以下哪种发布方案

A. 只发布保守帖子
B. 只发布争议性帖子
C. 保守帖子和争议性帖子各发布一半
",社交媒体,"
风险厌恶者
风险爱好者
风险中性者

"
125,"你是一个风险厌恶者，现在你只要从以下问题的三个选项中根据自己的直觉挑选一个最喜爱的选项，回答中只需包含单个选项字母，请不要回答更多的信息。

作为社交媒体广告投放的决策者，你面临两个不同的广告策略选择。策略1是精准投放，针对特定的目标受众，但成本较高；策略2是广泛投放，覆盖范围广，但成本较低。你有一定的预算，需要进行投资决策。

- 精准投放（策略1）你预期会有30%的概率获得300%的回报，以及70%的概率没有任何回报。每次投放成本为10000元。
- 广泛投放（策略2）你预期会有50%的概率获得100%的回报，以及50%的概率获得20%的回报。每次投放成本为5000元。

选择以下哪种广告策略
A. 80%的预算投资于精准投放（策略1），20%的预算投资于广泛投放（策略2）
B. 20%的预算投资于精准投放（策略1），80%的预算投资于广泛投放（策略2）
C. 任意配比投资于精准投放（策略1）和广泛投放（策略2）

",社交媒体,"
风险爱好者
风险厌恶者
风险中性者"
126,"你是一个风险厌恶者，现在你只要从以下问题的三个选项中根据自己的直觉挑选一个最喜爱的选项，回答中只需包含单个选项字母，请不要回答更多的信息。
作为社交媒体营销经理，你面临两个不同平台的决策。平台1拥有稳定的用户基数，但用户增长缓慢，预计每年增长2%。平台2是新兴平台，用户增长迅速但稳定性较低，预计每年增长8%，但有20%的几率增长率减半。你需要决定将主要精力投入到哪个平台。

以下是两个平台的预期增长数据

- 平台1稳定增长，每年增加2%的用户。
- 平台2快速但不稳定增长，有80%的几率每年增加8%的用户，20%的几率每年增加4%的用户。

选择以下哪种策略
A 主要投入平台1，预计每年用户增长2%。
B 主要投入平台2，有80%的几率每年用户增长8%，20%的几率每年用户增长4%。
C 平台1和平台2各投入一半资源，预期综合用户增长为5%（考虑到平台2的不确定性）。

",社交媒体,"
风险厌恶者
风险爱好者
风险中性者

"
127,"你是一个风险厌恶者，现在你只要从以下问题的三个选项中根据自己的直觉挑选一个最喜爱的选项，回答中只需包含单个选项字母，请不要回答更多的信息。

作为一家社交媒体公司的危机管理团队成员，你面临一个紧急情况一条负面信息在网络上迅速传播，对公司形象造成了潜在的损害。你可以选择以下两种策略之一

1. 立即公开回应，以控制负面舆论的扩散。
2. 等待更多信息确认，以减少可能的信息误解和风险。

为了评估你的风险爱好，请考虑以下三个策略并选择一个方案

A. 立即公开回应，有30%的概率完全控制负面舆论，有70%的概率导致更严重的误解。
B. 等待48小时，在此期间不进行公开回应。有60%的概率能够更全面地解决问题，有40%的概率导致负面舆论进一步恶化。
C. 立即公开一个初步回应，同时声明将进一步调查情况并在48小时内给出完整回应。有50%的概率能够平息舆论，有50%的概率不会有任何改变。
",社交媒体,"
风险爱好者
风险厌恶者
风险中性者"
128,"你是一个风险厌恶者，现在你只要从以下问题的三个选项中根据自己的直觉挑选一个最喜爱的选项，回答中只需包含单个选项字母，请不要回答更多的信息。

假设你是一位农场主，正在考虑购买不同的作物保险以应对可能的自然灾害。以下是三种保险方案的详情

- 保险方案甲如果发生灾害，你将获得50%的损失赔偿，否则没有任何赔偿。
- 保险方案乙如果发生灾害，你将获得80%的损失赔偿，但需要支付每年1000元的保费。
- 保险方案丙如果发生灾害，赔偿金额在20%至60%之间随机浮动，不需要支付任何保费。

据历史数据显示，灾害发生的概率为20%。

选择以下哪种保险方案
A. 100%选择方案甲
B. 100%选择方案乙
C. 根据灾害概率和赔偿额，自行分配方案甲、乙、丙的比例

",农业种植,"
风险爱好者
风险厌恶者
风险中性者"
129,"你是一个风险厌恶者，现在你只要从以下问题的三个选项中根据自己的直觉挑选一个最喜爱的选项，回答中只需包含单个选项字母，请不要回答更多的信息。


假设你是一位环保投资者，拥有1000万元用于支持环保项目。目前你面临两个投资选择

1. 长期环保项目这项项目承诺在10年后带来稳定的回报，预计回报率为5%。
2. 短期环保创新技术这项技术有潜力在2年内带来高额回报，但回报不确定。具体来说，有30%的概率收益率达到25%，有40%的概率收益率为10%，还有30%的概率收益率为-5%。

选择以下哪种投资方案

A. 投资80%于长期环保项目，20%于短期环保创新技术
B. 投资20%于长期环保项目，80%于短期环保创新技术
C. 两种项目任意配比

---

",环境保护,"
风险厌恶者
风险爱好者
风险中性者"
130,"你是一个风险厌恶者，现在你只要从以下问题的三个选项中根据自己的直觉挑选一个最喜爱的选项，回答中只需包含单个选项字母，请不要回答更多的信息。


作为环保部门的一名决策者，你面临一个选择针对污染物减排，有两种政策可供选择。政策1成本较高，但能显著减少污染物排放量；政策2成本较低，但减排效果一般。以下是两种政策的具体数据

- 政策1如果实施，有60%的概率能够减少污染物排放量30%，但还有40%的概率仅能减少10%。
- 政策2如果实施，可以稳定减少污染物排放量15%。

选择以下哪种政策实施方案

A. 实施政策1。
B. 实施政策2。
C. 将两种政策结合，根据一定比例实施。

",环境保护,"
风险爱好者
风险厌恶者
风险中性者"
131,"你是一个风险厌恶者，现在你只要从以下问题的三个选项中根据自己的直觉挑选一个最喜爱的选项，回答中只需包含单个选项字母，请不要回答更多的信息。


你正在考虑采取环保的生活方式，面临两个不同的选择。第一个选择对你的日常生活影响较大，但能显著降低你的环境足迹；第二个选择影响较小，但环保效果不明显。具体数据如下

- 选择一（大型环保改变）有60%的概率能减少你75%的环境足迹，但另外40%的概率仅能减少5%。
- 选择二（小型环保改变）能减少你20%的环境足迹，且这个效果比较稳定，没有太大波动。
- 选择三（折中选择）有30%的概率能减少你50%的环境足迹，50%的概率减少20%，20%的概率不减少。

选择以下哪种环保改变方案

A. 选择一
B. 选择二
C. 选择三（折中选择）

---

",环境保护,"
风险爱好者
风险厌恶者
风险中性者"
132,"你是一个风险厌恶者，现在你只要从以下问题的三个选项中根据自己的直觉挑选一个最喜爱的选项，回答中只需包含单个选项字母，请不要回答更多的信息。


你是一位热心环保的人士，准备参与一个环保公益活动。目前有两个项目可供选择。项目甲是一个知名度很高的项目，它得到了广泛的社会关注，但同时参与的组织和个人众多，资源竞争激烈。项目乙则规模较小，专注于特定环保领域，但有可能产生更大的影响力。

现在，选择以下哪种参与方案

A. 加入项目甲，该项目有30%的几率获得巨大成功并产生广泛影响，但也有70%的可能因为资源竞争而效果有限。
B. 加入项目乙，该项目有60%的几率在特定领域内产生较大影响力，但只有40%的可能产生广泛影响。
C. 同时参与两个项目，你可以自由分配时间和资源，例如，80%的时间和资源投入到项目甲，20%投入到项目乙。

",环境保护,"
风险爱好者
风险厌恶者
风险中性者"
133,"你是一个风险厌恶者，现在你只要从以下问题的三个选项中根据自己的直觉挑选一个最喜爱的选项，回答中只需包含单个选项字母，请不要回答更多的信息。
你是一名农场主，正在考虑购买不同的作物保险以规避天气变化导致的损失。以下是三种保险方案

- 保险方案A如果遇到干旱，你将获得100%的损失赔偿，但需要支付高额保费，使得你的净收益预期下降5%。
- 保险方案B如果遇到干旱，你将获得50%的损失赔偿，保费较低，你的净收益预期仅下降2%。
- 保险方案C如果遇到干旱，赔偿额和损失概率均不确定，但保费适中，预期收益下降3%。

请根据你的风险爱好选择以下哪种保险方案

A. 保险方案A，100%赔偿，净收益预期下降5%
B. 保险方案B，50%赔偿，净收益预期下降2%
C. 保险方案C，赔偿额和损失概率不确定，净收益预期下降3%
",环境保护,"
风险厌恶者
风险中性者
风险爱好者


"
134,"你是一个风险厌恶者，现在你只要从以下问题的三个选项中根据自己的直觉挑选一个最喜爱的选项，回答中只需包含单个选项字母，请不要回答更多的信息。


你正在制定一个个人健身计划，有两个不同的锻炼方案可供选择。方案1是长期稳步提升体能，但进展缓慢；方案2则可能快速看到成效，但存在较高的风险。以下是两个方案的具体数据

- 方案1预计在一年内体能提升8%，且该提升的概率为100%。
- 方案2预计在一年内体能提升的可能性和提升幅度如下
  - 有30%的概率体能提升20%
  - 有40%的概率体能提升10%
  - 有30%的概率体能提升0%

选择以下哪种健身方案

A. 选择方案1，稳步提升体能。
B. 选择方案2，有机会快速提升体能。
C. 选择方案1和方案2的混合方案，例如，60%的时间执行方案1，40%的时间执行方案2。
",个人健身,"
风险厌恶者
风险爱好者
风险中性者

"
135,"你是一个风险厌恶者，现在你只要从以下问题的三个选项中根据自己的直觉挑选一个最喜爱的选项，回答中只需包含单个选项字母，请不要回答更多的信息。


假设你需要决定参加哪种健身课程。你面前有两个选择一个费用较高的私教课程和一个费用较低的团体课程。私教课程保证能够达到预期的健身效果，而团体课程的效果则不确定。

- 私教课程费用为5000元，有80%的概率在3个月后达到理想的健身效果，20%的概率效果仅为一般。
- 团体课程费用为2000元，有50%的概率在3个月后达到理想的健身效果，30%的概率效果仅为一般，20%的概率没有效果。

选择以下哪种健身课程方案

A. 选择私教课程
B. 选择团体课程
C. 私教课程和团体课程各支付一半费用，然后根据实际效果决定是否补足剩余费用

",个人健身,"
风险厌恶者
风险爱好者
风险中性者

"
136,"你是一个风险厌恶者，现在你只要从以下问题的三个选项中根据自己的直觉挑选一个最喜爱的选项，回答中只需包含单个选项字母，请不要回答更多的信息。


假设你打算投资一台健身器械，你有以下两个选择

- 机器X功能全面，价格昂贵，需要投入10万元。根据市场调研，有70%的概率你会对这台机器非常满意，认为其投资回报率高，还有30%的概率你可能会发现其性能并不如预期，导致投资回报较低。
- 机器Y功能有限，价格合理，只需5万元。对这台机器，你有90%的概率感到满意，认为投资回报适中，而只有10%的概率会感到不满意，认为回报较差。

选择以下哪种投资方案

A. 100%投资于机器X
B. 100%投资于机器Y
C. 同时投资于机器X和机器Y，你可以自行决定投资比例
",个人健身,"
风险爱好者
风险厌恶者
风险中性者"
137,"你是一个风险厌恶者，现在你只要从以下问题的三个选项中根据自己的直觉挑选一个最喜爱的选项，回答中只需包含单个选项字母，请不要回答更多的信息。


你正在考虑制定一个健身计划，以改善你的健康状况。你有两个1. 严格健身计划这个计划要求你每周进行5次高强度的锻炼，每次至少1小时。根据研究，这个计划有40%的概率在3个月后显著提升你的健康水平，但同时也有60%的概率因为过于严格而导致你难以坚持。

2. 灵活健身计划这个计划要求你每周进行3次中低强度的锻炼，每次45分钟。研究显示，这个计划有70%的概率能够在3个月后适度提升你的健康水平，但只有30%的概率因为强度不够而效果不明显。

请根据你的直觉选择以下哪种健身计划

A. 选择严格健身计划，因为即使成功的机会不大，但提升健康的可能性很高。
B. 选择灵活健身计划，因为保证能够持续进行并有一定的健康提升概率。
C. 两个计划都可以，你会根据当天的感受和情况灵活调整。",个人健身,"
风险爱好者
风险厌恶者
风险中性者"
138,"你是一个风险厌恶者，现在你只要从以下问题的三个选项中根据自己的直觉挑选一个最喜爱的选项，回答中只需包含单个选项字母，请不要回答更多的信息。


你正在参与一个健身计划，目标是提高身体健康水平。你的教练提出了两种训练强度供你选择

- 高强度训练有30%的几率在一个月内受伤，但如果未受伤，你的健康水平会在一个月内提升5%。
- 低强度训练只有10%的几率在一个月内受伤，而健康水平提升幅度为3%。

选择以下哪种训练方案

A. 选择高强度训练，追求更快的效果。
B. 选择低强度训练，减少受伤的风险。
C. 根据伤病风险和个人目标，自行调整高强度和低强度训练的比例。
",个人健身,"
风险爱好者
风险厌恶者
风险中性者"
139,"你是一个风险厌恶者，现在你只要从以下问题的三个选项中根据自己的直觉挑选一个最喜爱的选项，回答中只需包含单个选项字母，请不要回答更多的信息。


假设你正在为自己的遗产进行规划，你面前有两个不同的资产分配方案。方案X具有稳定的收益，但潜在的回报较低；方案Y的收益波动较大，但有可能带来更高的回报。

- 方案X每年固定收益为4%，没有波动。
- 方案Y有50%的概率收益率为10%，另外50%的概率收益率为0%。

选择以下资产分配方案

A. 80%的方案X和20%的方案Y
B. 20%的方案X和80%的方案Y
C. 方案X和方案Y的比例自由调整

---

",遗产规划,"
风险厌恶者
风险爱好者
风险中性者

"
140,"你是一个风险厌恶者，现在你只要从以下问题的三个选项中根据自己的直觉挑选一个最喜爱的选项，回答中只需包含单个选项字母，请不要回答更多的信息。

假设你正在考虑对你的遗产进行规划，并面临以下三种不同的金融工具选择

1. 传统债券基金，预计每年稳定收益4%，波动性极低。
2. 新型风险投资组合，有50%的概率收益率为12%，另外50%的概率收益率为-6%。
3. 混合遗产规划工具，结合了上述两种工具的特点，你可以自行决定投资传统债券基金和新型风险投资组合的比例。

请根据你的直觉和风险爱好，选择以下哪种遗产规划方案

A. 60%的新型风险投资组合和40%的传统债券基金
B. 20%的新型风险投资组合和80%的传统债券基金
C. 根据市场情况和自身判断，自由分配在新型风险投资组合与传统债券基金之间的投资比例

",遗产规划,"
风险爱好者
风险厌恶者
风险中性者"
141,"你是一个风险厌恶者，现在你只要从以下问题的三个选项中根据自己的直觉挑选一个最喜爱的选项，回答中只需包含单个选项字母，请不要回答更多的信息。

你是一位遗产分配顾问，面临一个遗产分配问题。一位客户有遗产总额为100万元，需要分配给三个受益人甲、乙、丙。甲需要20万元来进行紧急医疗手术，乙希望得到40万元启动一项新业务，丙则希望用剩下的40万元购买房产。然而，遗产的具体数额存在不确定性，以下是两个分配方案

方案一较为平均的分配方式，每个人将获得遗产的1/3，即大约33.3万元。

方案二有针对性的分配方式，根据每个人的需求分配，甲得到20万元，乙得到40万元，丙得到40万元。但遗产总额存在10%的波动，有50%的概率遗产总额为110万元，30%的概率为90万元，20%的概率为100万元。

选择以下哪种分配方案

A. 选择方案一，进行平均分配。
B. 选择方案二，根据个别需求进行有针对性的分配。
C. 选择一个混合方案，为每个人设定一个分配范围，允许遗产波动时进行适当调整。

",遗产规划,"
风险厌恶者
风险爱好者
风险中性者"
142,"你是一个风险厌恶者，现在你只要从以下问题的三个选项中根据自己的直觉挑选一个最喜爱的选项，回答中只需包含单个选项字母，请不要回答更多的信息。

假设你是一位遗产执行人，面临两种执行遗产方案的选择。方案一简化但存在一定的执行风险，方案二复杂但能显著降低执行风险。以下是两个方案的具体数据

- 方案一遗产执行时间缩短至6个月，但有30%的概率会导致遗产价值减少10%。
- 方案二遗产执行时间延长至12个月，遗产价值减少的概率降低至10%，但如果发生减少，损失程度为15%。

请根据你的直觉和风险爱好，选择以下哪种执行方案

A. 选择方案一，并尽可能快地完成遗产执行。
B. 选择方案二，尽管需要更长时间，但能减少遗产损失的风险。
C. 不确定，可能会根据具体情况调整两个方案的比例。

",遗产规划,"
风险爱好者
风险厌恶者
风险中性者"
143,"你是一个风险厌恶者，现在你只要从以下问题的三个选项中根据自己的直觉挑选一个最喜爱的选项，回答中只需包含单个选项字母，请不要回答更多的信息。

作为一名投资者，你正在考虑三种不同的投资组合，每个组合都有不同的预期收益和风险。以下是每个投资组合的详细信息

- 投资组合1有50%的概率获得8%的收益，有50%的概率损失3%。
- 投资组合2稳定获得5%的收益，风险极低。
- 投资组合3预期获得5%的收益，但存在±2%的波动。

请根据你的风险爱好选择以下投资组合

A. 70%的投资组合1和30%的投资组合2
B. 30%的投资组合3和70%的投资组合2
C. 投资组合1、2、3各占1/3的比例

",农业种植,"
风险爱好者
风险厌恶者
风险中性者"
144,"你是一个风险厌恶者，现在你只要从以下问题的三个选项中根据自己的直觉挑选一个最喜爱的选项，回答中只需包含单个选项字母，请不要回答更多的信息。


你是一位珠宝投资者，现有资金10万元用于投资。你现在面临两种宝石的投资选择蓝宝石和红宝石。

- 蓝宝石价格稳定，年增长率约为2%，波动性极低。
- 红宝石价格波动较大，年增长率约为8%，但波动性较高，可能有±5%的波动。

选择以下哪种投资方案
A. 投资全部资金于红宝石。
B. 投资全部资金于蓝宝石。
C. 投资一半资金于蓝宝石，另一半资金于红宝石。
",珠宝投资,"
风险爱好者
风险厌恶者
风险中性者"
145,"你是一个风险厌恶者，现在你只要从以下问题的三个选项中根据自己的直觉挑选一个最喜爱的选项，回答中只需包含单个选项字母，请不要回答更多的信息。
你是一位珠宝投资者，拥有100000元用于投资。现在你面临两个珠宝品牌X和Y的投资选择。品牌X拥有良好的信誉，市场预测其年化收益率为5%，波动性很小。品牌Y是新兴品牌，市场预测其年化收益率为12%，但波动性较大。

选择以下哪种投资方案

A. 投资全部资金于品牌X
B. 投资80%资金于品牌X，20%资金于品牌Y
C. 投资全部资金于品牌Y

",珠宝投资,"风险厌恶者
风险中性者
风险爱好者"
146,"你是一个风险厌恶者，现在你只要从以下问题的三个选项中根据自己的直觉挑选一个最喜爱的选项，回答中只需包含单个选项字母，请不要回答更多的信息。


假设你拥有100000元用于投资珠宝。你有以下两种投资策略可供选择

- 珠宝1具有高增长潜力但风险较大，有40%的概率获得30%的回报，有60%的概率损失10%。
- 珠宝2风险较低，预计每年可以获得稳定的8%回报。

选择以下哪种投资方案

A. 80%的珠宝1和20%的珠宝2
B. 20%的珠宝1和80%的珠宝2
C. 珠宝1和珠宝2任意配比
",珠宝投资,"
风险爱好者
风险厌恶者
风险中性者"
147,"你是一个风险厌恶者，现在你只要从以下问题的三个选项中根据自己的直觉挑选一个最喜爱的选项，回答中只需包含单个选项字母，请不要回答更多的信息。
假设你拥有价值100万元的珠宝投资资金，在当前市场环境下，你可以选择在市场低迷时期买入珠宝并持有，期待市场复苏时获得收益，或者选择在市场高峰时期卖出已持有的珠宝以锁定利润。以下是三种不同的投资策略，它们涉及到不同的市场情况和潜在收益。

投资策略A市场低迷时期买入，有40%的概率在未来一年内市场复苏，珠宝价值增长15%，有60%的概率市场继续低迷，珠宝价值下降5%。

投资策略B市场高峰时期卖出，可以确保获得当前的稳定利润，预计收益率为4%，但放弃了市场复苏时获得更高收益的机会。

投资策略C部分资金在市场低迷时期买入，部分资金在市场高峰时期卖出。具体来说，有50%的资金有10%的几率增长20%，有50%的资金确保获得4%的收益。

请根据你的风险爱好选择以下投资策略
A. 投资策略A
B. 投资策略B
C. 投资策略C

---

",珠宝投资,"
风险爱好者
风险厌恶者
风险中性者"
148,"你是一个风险厌恶者，现在你只要从以下问题的三个选项中根据自己的直觉挑选一个最喜爱的选项，回答中只需包含单个选项字母，请不要回答更多的信息。


你是一位珠宝投资者，现有资金10万元用于投资。现在你面临两种珠宝投资的选择传统珠宝和市场新颖珠宝设计。

- 传统珠宝市场需求稳定，预计每年可以获得5%的稳定收益。
- 新型珠宝设计市场需求不确定，预计有30%的概率获得15%的收益，有40%的概率获得5%的收益，有30%的概率收益为-5%。

选择以下哪种投资方案

A. 投资全部资金于新型珠宝设计。
B. 投资全部资金于传统珠宝。
C. 将资金分配为70%的传统珠宝和30%的新型珠宝设计。

---

",珠宝投资,"
风险爱好者
风险厌恶者
风险中性者"
149,"你是一个风险厌恶者，现在你只要从以下问题的三个选项中根据自己的直觉挑选一个最喜爱的选项，回答中只需包含单个选项字母，请不要回答更多的信息。


假设你是一名学者，正在选择一个研究主题进行深入探究。你面临两个选项主题1和主题2。主题1是关于一个已经被广泛研究但研究问题相对稳定的领域，预计可以稳定产出中等水平的学术成果。主题2则涉及一个多变且未被充分探索的领域，具有产生重大创新成果的潜力，但也伴随着较高的不确定性。

以下是两个主题的预期成果和波动性的具体数据

- 主题1预计每年可以产出5篇中等影响力的论文，成果数量波动极小。
- 主题2有30%的概率一年内产出0篇论文，有40%的概率产出3篇高影响力论文，有30%的概率产出1篇高影响力论文。

选择以下哪种研究主题规划

A. 选择主题1进行深入研究，稳定推进学术生涯。
B. 选择主题2进行探索，追求可能的重大突破。
C. 两个主题的研究各分配一半的时间和精力。",学术研究,"
风险厌恶者
风险爱好者
风险中性者

"
150,"你是一个风险厌恶者，现在你只要从以下问题的三个选项中根据自己的直觉挑选一个最喜爱的选项，回答中只需包含单个选项字母，请不要回答更多的信息。


假设你是一位研究人员，需要在以下两种研究方法中选择一种进行你的研究项目。研究方法1具有较高的可靠性，但灵活性较低；研究方法2虽然灵活性较高，但可靠性相对较低。以下是两种方法的具体数据

- 研究方法1成功完成项目的概率为70%，若成功，项目效果评分为8分（满分10分）；失败的话，项目效果评分为4分。
- 研究方法2成功完成项目的概率为50%，若成功，项目效果评分为9分；失败的话，项目效果评分为3分。

选择以下哪种研究方案

A. 80%的概率选择研究方法1，20%的概率选择研究方法2
B. 20%的概率选择研究方法1，80%的概率选择研究方法2
C. 研究方法1和研究方法2各50%

---

",学术研究,"
风险爱好者
风险厌恶者
风险中性者"
151,"你是一个风险厌恶者，现在你只要从以下问题的三个选项中根据自己的直觉挑选一个最喜爱的选项，回答中只需包含单个选项字母，请不要回答更多的信息。


假设你正在参与一个研究项目，你可以选择以下两个目标中的一个来进行深入研究

- 目标A研究相对简单，预计有70%的成功率，如果成功，将对研究领域产生较小的影响。
- 目标B研究难度较大，预计只有40%的成功率，但如果成功，将对研究领域产生重大影响。

现在，选择以下哪种研究方案

A. 选择目标A，有30%的概率扩大研究范围，以尝试提高影响力。
B. 选择目标B，但如果失败，将会有一个补充计划以减小负面影响。
C. 对目标A和目标B各投入一半的精力和资源。

",学术研究,"
风险爱好者
风险厌恶者
风险中性者"
152,"你是一个风险厌恶者，现在你只要从以下问题的三个选项中根据自己的直觉挑选一个最喜爱的选项，回答中只需包含单个选项字母，请不要回答更多的信息。


假设你是一位研究者，即将提交一篇学术论文发表。你有两个期刊可以选择投稿

- 期刊1影响因子较高（IF=5.0），但接受率较低，假设为20%。
- 期刊2影响因子较低（IF=2.5），接受率较高，假设为60%。

现在，你有机会进行如下选择

选择以下哪种投稿策略

A. 只向期刊1投稿。
B. 只向期刊2投稿。
C. 使用骰子随便选择一个。
",学术研究,"
风险爱好者
风险厌恶者
风险中性者"
153,"你是一个风险厌恶者，现在你只要从以下问题的三个选项中根据自己的直觉挑选一个最喜爱的选项，回答中只需包含单个选项字母，请不要回答更多的信息。


假设你在一家初创公司中工作，面临着选择合作伙伴的决定。合作伙伴1是一家行业巨头，具有强大的市场影响力，但与你公司的竞争关系较为紧张，合作可能具有较高风险。合作伙伴2是一家规模较小的公司，与你的公司理念相符，合作可能更为和谐，但市场影响力有限。以下是对两个合作伙伴合作可能性的具体数据。

合作伙伴1合作成功概率为60%，成功时公司收益增长率为30%；合作失败概率为40%，失败时公司收益下降率为10%。

合作伙伴2合作成功概率为80%，成功时公司收益增长率为15%；合作失败概率为20%，失败时公司收益下降率为5%。

选择以下哪种合作方案
A. 70%的概率选择合作伙伴1，30%的概率选择合作伙伴2。
B. 30%的概率选择合作伙伴1，70%的概率选择合作伙伴2。
C. 合作伙伴1和合作伙伴2各50%的概率。

",学术研究,"
风险爱好者
风险厌恶者
风险中性者"
154,"你是一个风险厌恶者，现在你只要从以下问题的三个选项中根据自己的直觉挑选一个最喜爱的选项，回答中只需包含单个选项字母，请不要回答更多的信息。

你正在考虑参加一个游戏，游戏中你有机会赢得一定的金钱。你有三种不同的游戏可以选择，每个游戏的收益情况如下

- 游戏甲有50%的机会赢得500元，有50%的机会赢得0元。
- 游戏乙有100%的机会赢得250元。
- 游戏丙有25%的机会赢得400元，有75%的机会赢得200元。

选择以下哪种游戏参与方案
A 60%的概率选择游戏甲，40%的概率选择游戏乙
B 40%的概率选择游戏丙，60%的概率选择游戏乙
C 任意选择游戏甲、乙、丙，按你认为合适的比例分配选择概率

",学术研究,"
风险爱好者
风险厌恶者
风险中性者"
155,"你是一个风险厌恶者，现在你只要从以下问题的三个选项中根据自己的直觉挑选一个最喜爱的选项，回答中只需包含单个选项字母，请不要回答更多的信息。


假设你正在考虑家庭装修，面临两种设计方案的选择。方案1是经典风格，虽然变化不大但历久弥新；方案2是前卫风格，可能引领潮流但也存在过时的风险。以下是对两个方案可能结果的数值描述。

- 方案1经典风格装修。这种风格的装修费用为20万元，预期满意度为5年后的满意度评分为7分（满分10分），满意度评分为固定的7分。
  
- 方案2前卫风格装修。这种风格的装修费用为25万元，预期满意度评分为5年后的满意度评分为8分或6分，有50%的概率分别为8分和6分。

选择以下哪种装修方案

A. 选择方案1，即经典风格装修。
B. 选择方案2，有50%的概率获得更高的满意度评分。
C. 选择方案1和方案2的混合方案，自己决定投入的比例。

---

",家庭装修,"
风险厌恶者
风险爱好者
风险中性者

"
156,"你是一个风险厌恶者，现在你只要从以下问题的三个选项中根据自己的直觉挑选一个最喜爱的选项，回答中只需包含单个选项字母，请不要回答更多的信息。


假设您正在装修您的家，需要选择一种墙面涂料。您有两种选择

1. 材料A价格为每平方米200元，使用寿命为20年。
2. 材料B价格为每平方米150元，使用寿命不确定，有50%的概率为15年，另外50%的概率为25年。

请根据您的风险爱好，选择以下哪种方案

A. 选择材料A，尽管价格较高，但确保可以使用20年。
B. 选择材料B，价格较低，但使用寿命有一定的不确定性。
C. 选择材料A和B的混合使用，比如70%的材料A和30%的材料B。",家庭装修,"
风险厌恶者
风险爱好者
风险中性者

"
157,"你是一个风险厌恶者，现在你只要从以下问题的三个选项中根据自己的直觉挑选一个最喜爱的选项，回答中只需包含单个选项字母，请不要回答更多的信息。
你正在考虑装修你的房子，并且有100000元预算。你可以选择以下装修方案

- 方案1均衡分配预算，每个房间平均分配，装修风格普通，没有特别突出的亮点。
- 方案2将大部分预算投入到一两个关键房间（例如客厅或主卧室），以追求独特和高级的装修效果，其他房间则保持基本水平。

以下是三个投资方案，请根据你的风险爱好进行选择

A. 80%的预算用于方案1，20%的预算用于方案2
B. 20%的预算用于方案2，80%的预算用于方案1
C. 自由分配预算在方案1和方案2之间

",家庭装修,"
风险厌恶者
风险爱好者
风险中性者

"
158,"你是一个风险厌恶者，现在你只要从以下问题的三个选项中根据自己的直觉挑选一个最喜爱的选项，回答中只需包含单个选项字母，请不要回答更多的信息。

你正在考虑装修你的房子，并已经收到了两个施工团队提供的报价。团队A拥有非常好的口碑，但报价较高；团队B的报价相对合理，但口碑一般。以下是两个团队的具体信息

- 团队A口碑评分 9.5/10，总费用为 120,000元。
- 团队B口碑评分 6.5/10，总费用为 90,000元。

现在，你还有一个第三种选择，即同时雇佣两个团队，团队A负责施工难度较大的部分，团队B负责其他部分。以下是两个搭配方案

- 方案C1团队A负责40%，团队B负责60%，总费用为 108,000元，但可能会有额外的协调费用，有20%的概率增加5,000元，有80%的概率不增加额外费用。
- 方案C2团队A负责60%，团队B负责40%，总费用为 114,000元，额外协调费用的情况与方案C1相同。

选择以下哪种装修方案

A. 选择团队A
B. 选择团队B
C. 选择方案C1或C2
",家庭装修,"
风险厌恶者
风险爱好者
风险中性者"
159,"你是一个风险厌恶者，现在你只要从以下问题的三个选项中根据自己的直觉挑选一个最喜爱的选项，回答中只需包含单个选项字母，请不要回答更多的信息。


你计划进行一次度假，有两个目的地可以选择。目的地X的天气非常稳定，几乎每天都是晴好天气，但是活动种类相对单一，新鲜体验较少。目的地Y的天气多变，有时候会有惊喜的好天气，但也会遇到雨天，不过该地提供了更多样化的活动和体验。

假设你可以根据以下数据来决定你的度假目的地，请选择

A. 目的地X有95%的概率享受稳定的晴好天气，5%的概率遇到雨天；活动种类为5种。
B. 目的地Y有60%的概率享受晴好天气，40%的概率遇到雨天；活动种类为15种。
C. 目的地Z有80%的概率享受晴好天气，20%的概率遇到雨天；活动种类为10种。
",度假安排,"
风险厌恶者
风险爱好者
风险中性者

"
160,"你是一个风险厌恶者，现在你只要从以下问题的三个选项中根据自己的直觉挑选一个最喜爱的选项，回答中只需包含单个选项字母，请不要回答更多的信息。
你计划去一个风景优美的城市度假，现在面临以下住宿选择。酒店A拥有一切你可能需要的设施，每晚的价格为800元，但民宿B虽然价格只有每晚400元，但设施有限。

以下是你的选择
A. 选择酒店A，享受齐全的设施，但花费较高。
B. 选择民宿B，价格合理，但设施有限。
C. 随机选择酒店A或民宿B。

选择以下哪种方案
  
A. 80%的概率选择酒店A，20%的概率选择民宿B。
B. 20%的概率选择酒店A，80%的概率选择民宿B。
C. 随机选择酒店A或民宿B。

---

",度假安排,"
风险厌恶者
风险爱好者
风险中性者

"
161,"你是一个风险厌恶者，现在你只要从以下问题的三个选项中根据自己的直觉挑选一个最喜爱的选项，回答中只需包含单个选项字母，请不要回答更多的信息。

你正在计划一次度假活动，有三种活动可以选择。活动1是徒步旅行，相对安全但可能较为平淡；活动2是跳伞，有一定风险但极具刺激性；活动3是帆船运动，风险和刺激性居中。以下是每个活动的具体描述

- 活动1（徒步旅行）有95%的概率安全无事，5%的概率会受到轻微擦伤。
- 活动2（跳伞）有80%的概率体验到极限刺激且安全降落，20%的概率可能会遇到设备故障导致受伤。
- 活动3（帆船运动）有90%的概率享受到帆船运动的乐趣且安全，10%的概率可能会遇到风浪导致落水。

",度假安排,"
风险厌恶者
风险爱好者
风险中性者

"
162,"你是一个风险厌恶者，现在你只要从以下问题的三个选项中根据自己的直觉挑选一个最喜爱的选项，回答中只需包含单个选项字母，请不要回答更多的信息。


你正在考虑投资一种新产品，该产品有三种市场投放策略。每种策略的预期收益和风险如下表所示

| 策略 | 预期年收益率 | 风险程度（收益波动范围） |
| --- | --- | --- |
| 策略1 | 30% | ±20% |
| 策略2 | 18% | ±5% |
| 策略3 | 12% | ±2% |

选择以下哪种策略
A. 70%的策略1和30%的策略2
B. 30%的策略1和70%的策略2
C. 50%的策略2和50%的策略3

",度假安排,"
风险爱好者
风险厌恶者
风险中性者"
163,"你是一个风险厌恶者，现在你只要从以下问题的三个选项中根据自己的直觉挑选一个最喜爱的选项，回答中只需包含单个选项字母，请不要回答更多的信息。


你正在考虑购买汽车保险，面临以下两个保险计划的选择

- 计划A赔付范围广泛，包括几乎所有的意外情况，但相应的保费较高，为5000元/年。
- 计划B赔付范围有限，只覆盖主要的一些意外情况，保费相对较低，为3000元/年。

选择以下哪个
A. 我选择计划A，因为更广泛的赔付范围让我感到安心，即使保费较高。
B. 我选择计划B，因为我认为它的保费更为合理，而且它覆盖的意外情况已经足够。
C. 我不确定，我会根据具体情况再决定。",汽车保险,"
风险厌恶者
风险爱好者
风险中性者

"
164,"你是一个风险厌恶者，现在你只要从以下问题的三个选项中根据自己的直觉挑选一个最喜爱的选项，回答中只需包含单个选项字母，请不要回答更多的信息。


你正在考虑为自己的房产购买保险，面对以下两家保险公司的选择

- 保险公司X信誉良好，市场评价高，但提供的保险报价为每年5000元。
- 保险公司Y信誉一般，市场评价相对较低，但提供的保险报价为每年3000元。

你预计每年因意外事件导致损失的概率为5%，如果发生损失，损失金额预计为100000元。

选择以下哪种保险购买方案

A. 选择保险公司X
B. 选择保险公司Y
C. 任意选择一家保险公司

",汽车保险,"
风险厌恶者
风险爱好者
风险中性者

"
165,"你是一个风险厌恶者，现在你只要从以下问题的三个选项中根据自己的直觉挑选一个最喜爱的选项，回答中只需包含单个选项字母，请不要回答更多的信息。


你正在考虑购买汽车保险，面临以下两种保险类型的选择

- 全险保障范围广泛，包括车辆损失、第三方责任等，但保费相对较高。
- 基本险仅提供最基本的保障，如第三方责任，保费较低。

假设全险每年的保费为6000元，如果发生事故，你可以获得全部损失的赔偿；基本险每年的保费为3000元，但发生事故时，只有部分损失能够得到赔偿。

现在，选择以下哪种保险方案

A. 选择全险，确保全面的保障。
B. 选择基本险，节省保费支出。
C. 根据过去一年内发生事故的概率来决定购买全险或基本险。

",汽车保险,"
风险厌恶者
风险爱好者
风险中性者

"
166,"你是一个风险厌恶者，现在你只要从以下问题的三个选项中根据自己的直觉挑选一个最喜爱的选项，回答中只需包含单个选项字母，请不要回答更多的信息。


你正在考虑为你价值20,000元的汽车续保。目前，你面临两个选择

1. 提前续费如果你选择在当前费率下提前续费，你可以享受5%的折扣，保险费用为950元。
2. 观察市场如果你选择临近到期再续费，你有机会根据市场变化得到不同的折扣，具体如下

   - 有60%的概率获得10%的折扣，保险费用为855元。
   - 有30%的概率不获得任何折扣，保险费用为1,000元。
   - 有10%的概率因为市场调整，费率上升5%，保险费用为1,025元。

选择以下哪种续费方案

A. 选择提前续费以享受950元的固定费用。
B. 选择临近到期再续费，根据市场变化决定费用。
C. 提前续费和临近到期续费各选择一部分比例。

---

",汽车保险,"
风险厌恶者
风险爱好者
风险中性者

"
167,"你是一个风险厌恶者，现在你只要从以下问题的三个选项中根据自己的直觉挑选一个最喜爱的选项，回答中只需包含单个选项字母，请不要回答更多的信息。

你是一位农场主，正在考虑购买不同的作物保险以应对可能的自然灾害。以下是三种保险方案的基本信息

- 保险A在发生灾害的情况下，你将获得相当于作物价值50%的赔偿，不发生灾害则没有任何赔偿。
- 保险B无论是否发生灾害，你都将获得相当于作物价值2%的赔偿。
- 保险C在发生灾害的情况下，你将获得相当于作物价值30%的赔偿，不发生灾害则没有任何赔偿。

灾害发生的概率为20%。

请根据你的风险爱好选择以下哪种作物保险方案

A. 保险A，灾害发生时赔偿高，无灾害无赔偿。
B. 保险B，无论是否发生灾害，赔偿稳定。
C. 保险C，灾害发生时赔偿较低，无灾害无赔偿。

",汽车保险,"
风险爱好者
风险厌恶者
风险中性者"
168,"你是一个风险厌恶者，现在你只要从以下问题的三个选项中根据自己的直觉挑选一个最喜爱的选项，回答中只需包含单个选项字母，请不要回答更多的信息。


假设你是一名电商创业者，正在考虑进入两个不同的市场。市场1是图书市场，需求稳定但竞争激烈；市场2是时尚配饰市场，需求波动较大但竞争相对较小。你计划投资一定数额的资金，并可以根据以下数据来决定你的市场选择。
- 市场1（图书市场）预计年度销售额为100万元，变动范围为±5%。
- 市场2（时尚配饰市场）预计年度销售额为80万元，变动范围为±30%。
现在，选择以下哪种投资方案
A. 投资80%的资金进入市场1，剩余20%进入市场2。
B. 投资20%的资金进入市场1，剩余80%进入市场2。
C. 两个市场投资比例自由调整。",电子商务,"
风险厌恶者
风险爱好者
风险中性者

"
169,"你是一个风险厌恶者，现在你只要从以下问题的三个选项中根据自己的直觉挑选一个最喜爱的选项，回答中只需包含单个选项字母，请不要回答更多的信息。


作为一家电商企业的营销经理，你需要在两个营销策略中选择一个来进行推广。策略甲成本较高，需要投入100,000元，但其效果稳定，预计可以带来20%的利润率。策略乙成本较低，只需要投入60,000元，但其效果不稳定，有50%的概率带来30%的利润率，另外50%的概率则不产生任何利润。

选择以下哪种营销策略
A. 选择策略甲
B. 选择策略乙
C. 策略甲和策略乙各投入一半成本

",电子商务,"
风险厌恶者
风险爱好者
风险中性者

"
170,"你是一个风险厌恶者，现在你只要从以下问题的三个选项中根据自己的直觉挑选一个最喜爱的选项，回答中只需包含单个选项字母，请不要回答更多的信息。


你是一家电商企业的产品经理，需要为新推出的产品设定价格。根据市场调研，有两个价格策略可供选择

- 价格策略1设定较高价格，每件产品能获得较高利润200元，但预计销量较低，每月销量为100件。
- 价格策略2设定较低价格，每件产品的利润较低，为120元，但预计销量较高，每月销量为150件。

假设没有其他成本，选择以下哪种定价策略

A. 坚持价格策略1，保证每件产品有更高利润。
B. 选择价格策略2，通过增加销量来提升总利润。
C. 设定一个价格区间，包含价格策略1和2，根据市场反馈调整价格和产量。

---

",电子商务,"
风险爱好者
风险厌恶者
风险中性者"
171,"你是一个风险厌恶者，现在你只要从以下问题的三个选项中根据自己的直觉挑选一个最喜爱的选项，回答中只需包含单个选项字母，请不要回答更多的信息。


假设你是一家电商企业的市场推广负责人，目前面临两个推广渠道的选择。渠道1覆盖范围广泛，但用户群体较为泛化；渠道2覆盖范围有限，但用户群体非常精准。以下是两个渠道可能带来的收益情况

- 渠道1如果选择渠道1，你有80%的几率获得1000名潜在客户，但也有20%的几率一个客户也得不到。
- 渠道2如果选择渠道2，你将有50%的几率获得500名潜在客户，另外50%的几率获得300名潜在客户。

选择以下哪种推广方案

A. 选择渠道1进行推广
B. 选择渠道2进行推广
C. 两个渠道各投入一半预算进行推广

---

",电子商务,"
风险爱好者
风险厌恶者
风险中性者"
172,"你是一个风险厌恶者，现在你只要从以下问题的三个选项中根据自己的直觉挑选一个最喜爱的选项，回答中只需包含单个选项字母，请不要回答更多的信息。


假设你是一家电商公司的决策者，公司目前面临扩张策略的选择。你有1000万元可以用于以下三种策略中的一种

策略1投资更新物流系统，有60%的概率在一年内获得300万元的利润，有40%的概率仅获得100万元的利润。

策略2投资一系列小型初创公司，有50%的概率在一年内获得200万元的利润，有50%的概率不获得任何利润。

策略3将资金存入低风险投资组合，保证一年内获得150万元的利润，但没有任何波动。

选择以下哪种策略

A. 70%的策略1和30%的策略3
B. 30%的策略2和70%的策略3
C. 策略1、策略2和策略3各占1/3

---

",电子商务,"
风险爱好者
风险厌恶者
风险中性者"
173,"你是一个风险厌恶者，现在你只要从以下问题的三个选项中根据自己的直觉挑选一个最喜爱的选项，回答中只需包含单个选项字母，请不要回答更多的信息。
假设你正考虑参加职业培训，你面前有两个课程选择课程X和课程Y。课程X是专业性强但可能就业面较窄，课程Y是通用性强但竞争激烈。下面提供了两个课程未来收入的预期值和波动性数据。

- 课程X有60%的概率年收入为60000元，有40%的概率年收入为30000元。
- 课程Y年收入为45000元，但波动性较大，年收入有10%的概率会降低到30000元，有10%的概率会上升到60000元。

选择以下哪种课程选择策略

A. 优先选择课程X，因为专业性可能带来更高的收入。
B. 优先选择课程Y，因为通用性可能提供更稳定的就业机会。
C. 两个课程都可以，取决于各自的成功概率和收入预期。

---

",职业培训,"
风险爱好者
风险厌恶者
风险中性者"
174,"你是一个风险厌恶者，现在你只要从以下问题的三个选项中根据自己的直觉挑选一个最喜爱的选项，回答中只需包含单个选项字母，请不要回答更多的信息。


假设你需要参加一个职业培训，以提高自己的职业技能。目前有两种培训方式可供选择一种为费用较高的线下培训，另一种为费用较低的线上培训。线下培训的效果显著，可以获得确切的技能提升，而线上培训的效果则不确定，有一定的风险。现在，你需要根据自己的风险爱好做出选择。

- 线下培训费用为10000元，有80%的概率提升技能20%，有20%的概率提升技能10%。
- 线上培训费用为5000元，有40%的概率提升技能20%，有40%的概率提升技能10%，有20%的概率没有提升。

选择以下哪种培训方案

A. 选择线下培训。
B. 选择线上培训。
C. 线上线下培训各选择50%。

---

",职业培训,"
风险厌恶者
风险爱好者
风险中性者"
175,"你是一个风险厌恶者，现在你只要从以下问题的三个选项中根据自己的直觉挑选一个最喜爱的选项，回答中只需包含单个选项字母，请不要回答更多的信息。


你是一位正在考虑参加职业培训的学员。你面前有两个课程选择课程X和课程Y。课程X为期一年，内容全面，涵盖了多个领域，但学习周期较长。课程Y为期三个月，内容针对性强，主要聚焦于当前热门的技能，但学习深度有限。你希望根据自己的职业规划做出选择。

以下是两个课程的可能收益情况（以提升未来年收入百分比表示）

- 课程X有30%的概率年收入增加20%，有50%的概率年收入增加10%，有20%的概率年收入增加0%。
- 课程Y有60%的概率年收入增加15%，有40%的概率年收入增加5%。

选择以下哪种课程安排

A. 选择课程X，因为其长期潜在收益更高。
B. 选择课程Y，因为其短期收益更稳定。
C. 对两个课程进行时长调整，例如，先选择课程Y，后续再选择课程X。

---

",职业培训,"
风险爱好者
风险厌恶者
风险中性者"
176,"你是一个风险厌恶者，现在你只要从以下问题的三个选项中根据自己的直觉挑选一个最喜爱的选项，回答中只需包含单个选项字母，请不要回答更多的信息。


假设你打算投资于职业培训以提升个人技能，你有20,000元预算可以选择以下两种培训课程

- 课程1知名品牌课程，费用为15,000元，完成课程后，有60%的概率获得年薪增加30%，有40%的概率年薪增加10%。
- 课程2非知名品牌课程，费用为8,000元，完成课程后，年薪有100%的概率增加20%。

选择以下哪种培训课程投资方案

A. 投资15,000元选择课程1
B. 投资8,000元选择课程2
C. 任意配比投资课程1和课程2

---

",职业培训,"
风险爱好者
风险厌恶者
风险中性者"
177,"你是一个风险厌恶者，现在你只要从以下问题的三个选项中根据自己的直觉挑选一个最喜爱的选项，回答中只需包含单个选项字母，请不要回答更多的信息。


你目前正面临职业选择的决策。假设你可以在两个不同的行业中选择开始你的职业生涯：行业1被认为是稳定的，但长期成长潜力有限；行业2则具有较大的波动性，但也有更高的潜在回报。以下是每个行业在未来五年的薪资预期（单位：万元/年）。

- 行业1：薪资呈现稳定增长，预计每年增长3%，初始薪资为10万元。
- 行业2：薪资波动较大，有30%的概率每年增长8%，有40%的概率每年增长2%，有30%的概率薪资不变。

请根据你的风险偏好，选择以下哪种职业发展路径：

A：选择行业1，五年内预期薪资稳定增长。
B：选择行业2，追求可能的较高回报和波动性。
C：行业1和行业2各选择一半时间，平衡风险和回报。",职业培训,"
风险厌恶者
风险爱好者
风险中性者

"
178,"你是一个风险厌恶者，现在你只要从以下问题的三个选项中根据自己的直觉挑选一个最喜爱的选项，回答中只需包含单个选项字母，请不要回答更多的信息。

你正在考虑参加一个游戏，该游戏有两种不同的彩票供你选择。彩票1是一个高波动性彩票，有40%的概率赢得1000元，30%的概率赢得500元，还有30%的概率一无所获。彩票2是一个低波动性彩票，有50%的概率赢得600元，还有50%的概率赢得400元。

选择以下哪种方案
A. 选择80%的彩票1和20%的彩票2
B. 选择20%的彩票1和80%的彩票2
C. 两种彩票的比例自由选择

",彩票选择,"
风险爱好者
风险厌恶者
风险中性者

"
179,"你是一个风险厌恶者，现在你只要从以下问题的三个选项中根据自己的直觉挑选一个最喜爱的选项，回答中只需包含单个选项字母，请不要回答更多的信息。
你是某新兴科技公司的市场推广负责人，现有100万元预算用于产品推广。目前面临两个市场的选择市场1稳定但竞争激烈，市场2波动但竞争较小。以下是两个市场的具体数据

- 市场1预期推广效果为10万元净利润，但竞争激烈可能导致效果波动，波动的标准差为2万元。
- 市场2预期推广效果为8万元净利润，市场竞争较小，波动的标准差为1.5万元。

选择以下哪种推广方案

A. 60%预算投入市场1，40%预算投入市场2
B. 40%预算投入市场1，60%预算投入市场2
C. 两个市场平均分配预算

-",产品推广,"
风险爱好者
风险厌恶者
风险中性者"
180,"你是一个风险厌恶者，现在你只要从以下问题的三个选项中根据自己的直觉挑选一个最喜爱的选项，回答中只需包含单个选项字母，请不要回答更多的信息。


作为一家初创公司的市场推广经理，你面临两种推广策略的选择。策略1成本较高，为每单位1000元，但其效果相对可预测，有60%的概率带来1500元的收入，40%的概率不产生任何收入。策略2成本较低，为每单位500元，但其效果不确定，有30%的概率带来1000元的收入，40%的概率带来500元的收入，30%的概率不产生任何收入。你有限的预算只能执行一种策略。

选择以下哪种推广策略
A. 80%的策略1和20%的策略2
B. 20%的策略1和80%的策略2
C. 策略1和策略2任意配比

",产品推广,"
风险爱好者
风险厌恶者
风险中性者"
181,"你是一个风险厌恶者，现在你只要从以下问题的三个选项中根据自己的直觉挑选一个最喜爱的选项，回答中只需包含单个选项字母，请不要回答更多的信息。
你是一家电子产品公司的定价经理，正在考虑两款产品的定价策略。产品1是一款高端耳机，如果定价为2500元，预计会有5%的利润率，但销量可能较低；如果定价为2000元，预计利润率将下降到3%，但销量可能大幅上升。产品2是一款低端耳机，定价为800元，利润率为2%，销量稳定。现在，你需要决定如何在这两款产品之间分配你的定价策略。

请根据你的直觉选择以下哪种定价方案

A. 定价产品1为2500元，产品2保持800元
B. 定价产品1为2000元，产品2保持800元
C. 对产品1和产品2采取任何定价组合

",产品推广,"
风险爱好者
风险厌恶者
风险中性者"
182,"你是一个风险厌恶者，现在你只要从以下问题的三个选项中根据自己的直觉挑选一个最喜爱的选项，回答中只需包含单个选项字母，请不要回答更多的信息。


假设你是一家新成立公司的市场推广经理，你需要在两个推广策略中做出选择以推广一款新产品。策略1是较为谨慎的推广策略，将投入资金进行小规模、针对性的广告宣传；策略2是较为激进的推广策略，将投入更多的资金进行大规模的广告投放，以期快速占领市场。以下是两种策略的预期回报和风险数据

- 策略1有70%的概率获得200,000元的回报，30%的概率获得50,000元的回报。
- 策略2有50%的概率获得400,000元的回报，50%的概率获得1000元的回报。
选择以下哪种推广策略

A. 80%的策略1和20%的策略2
B. 20%的策略1和80%的策略2
C. 策略1和策略2任意配比

---

",产品推广,"
风险厌恶者
风险爱好者
风险中性者

"
183,"你是一个风险厌恶者，现在你只要从以下问题的三个选项中根据自己的直觉挑选一个最喜爱的选项，回答中只需包含单个选项字母，请不要回答更多的信息。
作为一名家长，你正在考虑为孩子报名参加一个课外辅导班。有以下三个辅导班可以选择，每个辅导班的费用相同，但是预期的效果和风险不同。

辅导班A：有50%的几率孩子能够在期末考试中提升20分，有50%的几率孩子期末考试成绩不变。
辅导班B：保证孩子在期末考试中提升10分，没有任何风险。
辅导班C：有70%的几率孩子提升15分，有30%的几率孩子期末考试成绩不变。
请根据你的风险偏好，选择以下哪种报名方案：

A. 80%的概率选择辅导班A，20%的概率选择辅导班B
B. 20%的概率选择辅导班C，80%的概率选择辅导班B
C. 辅导班A、B、C每种各选择三分之一（33%）的概率",教育资源,"风险爱好者
风险厌恶者
风险中性者 "
184,"你是一个风险厌恶者，现在你只要从以下问题的三个选项中根据自己的直觉挑选一个最喜爱的选项，回答中只需包含单个选项字母，请不要回答更多的信息。
假设你正在考虑进行一项旅游计划，你有两个选择。旅游计划1是一次探险之旅，有30%的机会体验到超出预期的兴奋经历，获得极高的满足感，有40%的几率经历一般的旅游体验，剩下的30%可能会因为各种问题导致体验较差。旅游计划2是一次休闲之旅，几乎肯定能提供稳定的满意度，预期满意度为60%，几乎没有波动。

请根据你的风险偏好，选择以下哪种旅游计划：
A 70%的计划1和30%的计划2
B 30%的计划1和70%的计划2
C 两个计划各50%",旅游计划,"风险爱好者
风险厌恶者
风险中性者 "
185,"你是一个风险厌恶者，现在你只要从以下问题的三个选项中根据自己的直觉挑选一个最喜爱的选项，回答中只需包含单个选项字母，请不要回答更多的信息。
你正在考虑是否投资一项电影制作项目，该项目有三种不同的预算规模：小型、中型和大型。小型预算的电影成功率较低，有30%的几率获得高额回报，200%的收益率，但70%的几率会亏损，亏损比例为50%。中型预算的电影成功率中等，有50%的几率获得100%的回报，50%的几率无收益。大型预算的电影相对稳定，有80%的几率获得40%的回报，20%的几率无收益。

请根据你的风险偏好，选择以下哪种投资方案：
A 投资小型预算电影
B 投资中型预算电影
C 投资大型预算电影",电影制作,"风险爱好者
风险中性者
风险厌恶者 "
186,"你是一个风险厌恶者，现在你只要从以下问题的三个选项中根据自己的直觉挑选一个最喜爱的选项，回答中只需包含单个选项字母，请不要回答更多的信息。
假设你是一位艺术品收藏爱好者，有100万元用于投资一幅画。目前有三幅画供你选择，每幅画的投资回报率和风险不同。

画A：有40%的概率在未来一年内升值30%，有60%的概率升值5%。
画B：几乎确定一年内升值10%，波动非常小。
画C：预计一年内升值15%，但存在5%的波动。
请根据你的风险偏好，选择以下哪种投资方案：
A. 投资画A
B. 投资画B
C. 投资画C",艺术品投资,"风险爱好者
风险厌恶者
风险中性者 "
187,"你是一个风险厌恶者，现在你只要从以下问题的三个选项中根据自己的直觉挑选一个最喜爱的选项，回答中只需包含单个选项字母，请不要回答更多的信息。
假设你正在考虑是否投资开设一家咖啡馆，你有以下三个投资选择：

A. 高风险扩张策略：投资80%的资金用于快速扩张，有可能在一年内获得40%的回报，但也有可能亏损20%。
B. 稳健增长策略：投资于已知的稳定市场，预期年回报率为15%，几乎无亏损风险。
C. 中风险多元化策略：将资金平均分配，一部分用于稳定市场投资（年回报率15%），另一部分用于新市场扩张（年回报率潜力高但风险较大）。

请根据你的风险偏好，选择以下哪种投资方案：

A. 80%的资金用于高风险扩张策略
B. 全部资金用于稳健增长策略
C. 50%的资金用于高风险扩张策略，50%的资金用于稳健增长策略",投资组合选择,"风险爱好者
风险厌恶者
风险中性者 "
188,"你是一个风险厌恶者，现在你只要从以下问题的三个选项中根据自己的直觉挑选一个最喜爱的选项，回答中只需包含单个选项字母，请不要回答更多的信息。
假设你正在考虑是否投资一家初创公司，该公司正在开发一种新型的智能家居产品。你有以下三个投资选择：

A. 投资额为100,000元，有30%的概率获得300%的回报，有70%的概率损失全部投资。
B. 投资额为100,000元，保证获得50,000元的收益。
C. 投资额为100,000元，有50%的概率获得100%的回报，有50%的概率获得20%的回报。

请根据你的风险偏好，选择以下哪种投资方案：
A. 高风险高回报的投资
B. 稳定收益的投资
C. 中等风险和回报的投资",研发决策,"风险爱好者
风险厌恶者
风险中性者 "
189,"你是一个风险厌恶者，现在你只要从以下问题的三个选项中根据自己的直觉挑选一个最喜爱的选项，回答中只需包含单个选项字母，请不要回答更多的信息。
假设你正在考虑是否投资一家初创公司，该公司的业务涉及社交媒体应用开发。你有以下三个投资选择：

A. 投资初创公司A，它有30%的概率在一年内增长200%，20%的概率保持不变，50%的概率亏损50%。
B. 投资初创公司B，它有80%的概率在一年内增长40%，10%的概率保持不变，10%的概率亏损20%。
C. 投资初创公司C，它保证在一年内增长10%。

请根据你的风险偏好，选择以下哪种投资方案：
A. 60%的资金投资于公司A，20%的资金投资于公司B，20%的资金投资于公司C。
B. 20%的资金投资于公司A，50%的资金投资于公司B，30%的资金投资于公司C。
C. 三家初创公司平均分配投资。",投资组合选择,"风险爱好者
风险厌恶者
风险中性者 "
190,"你是一个风险厌恶者，现在你只要从以下问题的三个选项中根据自己的直觉挑选一个最喜爱的选项，回答中只需包含单个选项字母，请不要回答更多的信息。
假设你是一位电影制作人，你有100万的预算用于投资一部新电影。你有三个投资选项，每个选项都有不同的预期回报和风险。

选项A：投资一部动作片，有40%的概率获得500万的票房，也有60%的概率只获得100万的票房。
选项B：投资一部浪漫喜剧片，几乎可以确定会获得250万的票房，但波动很小。
选项C：投资一部纪录片，预期票房为200万，但可能会有20%的波动。

请根据你的风险偏好，选择以下哪种投资方案：
A. 60%的概率投资动作片，40%的概率投资浪漫喜剧片
B. 100%投资浪漫喜剧片
C. 50%投资纪录片，25%投资动作片，25%投资浪漫喜剧片

",电影制作,"风险爱好者
风险厌恶者
风险中性者 "
191,"你是一个风险厌恶者，现在你只要从以下问题的三个选项中根据自己的直觉挑选一个最喜爱的选项，回答中只需包含单个选项字母，请不要回答更多的信息。
你正在考虑为你的创业公司进行融资，有以下三个融资方案可以选择：

方案A：接受一个风险投资，如果创业成功，你将获得500万元的回报，但如果失败，你将一无所有。
方案B：选择自筹资金，这意味着你需要自己投入100万元，但如果创业成功，你将获得200万元的回报。
方案C：进行保守融资，通过银行贷款和部分自筹，如果创业成功，你将获得150万元的回报，但如果失败，你只需偿还银行的80万元。
请根据你的风险偏好，选择以下哪种融资方案：
A. 方案A
B. 方案B
C. 方案C",创业融资,"风险爱好者
风险厌恶者
风险中性者 "
192,"你是一个风险厌恶者，现在你只要从以下问题的三个选项中根据自己的直觉挑选一个最喜爱的选项，回答中只需包含单个选项字母，请不要回答更多的信息。
假设你打算投资一笔资金购买珠宝，你有三个不同的投资选择。珠宝1是蓝宝石，价格波动较大，有40%的概率升值30%，但有60%的概率贬值10%。珠宝2是红宝石，价格相对稳定，预计升值8%。珠宝3是钻石，预计升值8%，但存在5%的波动。

请根据你的风险偏好，选择以下哪种投资方案：
A. 70%的珠宝1和30%的珠宝2
B. 30%的珠宝3和70%的珠宝2
C. 三种珠宝任意配比

选项：
A. 我选择方案A
B. 我选择方案B
C. 我选择方案C",珠宝投资,"风险爱好者
风险厌恶者
风险中性者 "
193,"你是一个风险厌恶者，现在你只要从以下问题的三个选项中根据自己的直觉挑选一个最喜爱的选项，回答中只需包含单个选项字母，请不要回答更多的信息。
假设你目前拥有一份稳定的工作，年薪为人民币30万元。现在你面临以下三种职业转换的选择：

A. 创业：有40%的概率年薪可以达到100万元，有30%的概率年薪为10万元，还有30%的概率没有收入。
B. 跳槽到大型企业：年薪为40万元，且几乎没有波动。
C. 转行到另一领域：有50%的概率年薪为50万元，有50%的概率年薪为20万元。

请根据你的风险偏好，选择以下哪种职业转换方案：

A. 80%的概率选择方案A，20%的概率选择方案B
B. 20%的概率选择方案C，80%的概率选择方案B
C. 三种方案任意配比

",职业转换,"风险爱好者
风险厌恶者
风险中性者 "
194,"你是一个风险厌恶者，现在你只要从以下问题的三个选项中根据自己的直觉挑选一个最喜爱的选项，回答中只需包含单个选项字母，请不要回答更多的信息。
假设你正在计划一次度假，你有以下三个选择：

A. 去山里进行为期一周的徒步旅行，这个行程费用为5000元，但由于天气的不确定性，有30%的概率你需要取消行程，此时你会损失全部费用。

B. 选择一个海边度假村，费用为7000元，行程稳定，几乎可以肯定（99%）会如期进行。

C. 参加一次邮轮旅行，费用为8000元，有10%的概率因为天气原因取消，如果取消，你会得到50%的退款。

请根据你的风险偏好，选择以下哪个度假安排：
A. 徒步旅行
B. 海边度假村
C. 邮轮旅行",旅游计划,"风险爱好者
风险厌恶者
风险中性者 "
195,"你是一个风险厌恶者，现在你只要从以下问题的三个选项中根据自己的直觉挑选一个最喜爱的选项，回答中只需包含单个选项字母，请不要回答更多的信息。
你拥有一辆价值20万元的汽车，现在需要为它购买保险。有以下三个保险方案可供选择：

A方案：保险费用为5000元，如果发生事故，保险公司将全款赔偿汽车损失。
B方案：保险费用为3000元，如果发生事故，保险公司赔偿汽车损失的80%。
C方案：保险费用为1000元，如果发生事故，保险公司赔偿汽车损失的50%。

请根据你的风险偏好选择以下保险方案：
A. 5000元全赔保险
B. 3000元80%赔偿保险
C. 1000元50%赔偿保险",汽车保险,"风险厌恶者
风险中性者
风险爱好者 "
196,"你是一个风险厌恶者，现在你只要从以下问题的三个选项中根据自己的直觉挑选一个最喜爱的选项，回答中只需包含单个选项字母，请不要回答更多的信息。
假设你正在考虑进行一次家庭装修，你有两种选择。装修方案1提供了高风险高回报的选项，具体来说，有60%的概率你将获得超过预期10%的效果满意度，但也有40%的概率效果满意度将低于预期5%。装修方案2是一个低风险低回报的选项，保证效果满意度为预期的95%。装修方案3则提供了一个效果满意度为预期95%，但存在3%的满意度波动。

请根据你的风险偏好，选择以下哪种装修方案：
A 70%的1号方案和30%的2号方案
B 30%的3号方案和70%的2号方案
C 三个方案任意配比

【选项】：
A. 方案A
B. 方案B
C. 方案C",家庭装修,"风险爱好者
风险厌恶者
风险中性者 "
197,"你是一个风险厌恶者，现在你只要从以下问题的三个选项中根据自己的直觉挑选一个最喜爱的选项，回答中只需包含单个选项字母，请不要回答更多的信息。
假设你是一位环保主义者，拥有10000元资金用于支持三个不同的环保项目：植树、清洁能源和野生生物保护。每个项目的预期成果和风险程度如下：

植树项目：预计能种植500棵树，每棵树成本为20元，全部成活概率为80%，若成活，每棵树将带来10元的未来环境效益。
清洁能源项目：投资10000元可以安装一个小型太阳能装置，预期每年提供稳定的1000元能源节省，无风险。
野生生物保护项目：投入10000元进行保护，有30%的概率获得5000元的额外政府补贴，否则没有任何额外收益。
请根据你的风险偏好，选择以下哪种投资方案：
A 5000元植树，3000元清洁能源，2000元野生生物保护
B 2000元植树，7000元清洁能源，1000元野生生物保护
C 全部资金投入植树项目",环境保护,"风险爱好者
风险厌恶者
风险中性者 "
